#
# There is insufficient memory for the Java Runtime Environment to continue.
# Native memory allocation (mmap) failed to map 292552704 bytes. Error detail: G1 virtual space
# Possible reasons:
#   The system is out of physical RAM or swap space
#   This process is running with CompressedOops enabled, and the Java Heap may be blocking the growth of the native heap
# Possible solutions:
#   Reduce memory load on the system
#   Increase physical memory or swap space
#   Check if swap backing store is full
#   Decrease Java heap size (-Xmx/-Xms)
#   Decrease number of Java threads
#   Decrease Java thread stack sizes (-Xss)
#   Set larger code cache with -XX:ReservedCodeCacheSize=
#   JVM is running with Unscaled Compressed Oops mode in which the Java heap is
#     placed in the first 4GB address space. The Java Heap base address is the
#     maximum limit for the native heap growth. Please use -XX:HeapBaseMinAddress
#     to set the Java Heap base and to place the Java Heap above 4GB virtual address.
# This output file may be truncated or incomplete.
#
#  Out of Memory Error (os_windows.cpp:3554), pid=31424, tid=11080
#
# JRE version: OpenJDK Runtime Environment Temurin-25.0.3+9 (25.0.3+9) (build 25.0.3+9-LTS)
# Java VM: OpenJDK 64-Bit Server VM Temurin-25.0.3+9 (25.0.3+9-LTS, mixed mode, sharing, tiered, compressed oops, compressed class ptrs, g1 gc, windows-amd64)
# No core dump will be written. Minidumps are not enabled by default on client versions of Windows
#

---------------  S U M M A R Y ------------

Command Line: --add-opens=java.base/java.lang=ALL-UNNAMED --add-opens=java.base/java.lang.invoke=ALL-UNNAMED --add-opens=java.base/java.util=ALL-UNNAMED --add-opens=java.prefs/java.util.prefs=ALL-UNNAMED --add-exports=jdk.compiler/com.sun.tools.javac.api=ALL-UNNAMED --add-exports=jdk.compiler/com.sun.tools.javac.util=ALL-UNNAMED --add-opens=java.base/java.util=ALL-UNNAMED --add-opens=java.prefs/java.util.prefs=ALL-UNNAMED --add-opens=java.base/java.nio.charset=ALL-UNNAMED --add-opens=java.base/java.net=ALL-UNNAMED --add-opens=java.base/java.util.concurrent=ALL-UNNAMED --add-opens=java.base/java.util.concurrent.atomic=ALL-UNNAMED --add-opens=java.xml/javax.xml.namespace=ALL-UNNAMED --enable-native-access=ALL-UNNAMED -Xmx2g -Dfile.encoding=UTF-8 -Duser.country=US -Duser.language=en -Duser.variant -javaagent:C:\Users\padi kering\.gradle\wrapper\dists\gradle-9.0-bin\3czi7dcr1pf879blyy9qczdy7\gradle-9.0.0\lib\agents\gradle-instrumentation-agent-9.0.0.jar org.gradle.launcher.daemon.bootstrap.GradleDaemon 9.0.0

Host: AMD Ryzen 5 PRO 3500U w/ Radeon Vega Mobile Gfx, 8 cores, 5G,  Windows 10 , 64 bit Build 19041 (10.0.19041.5915)
Time: Sat Jun 13 11:05:43 2026 China Standard Time elapsed time: 118.323549 seconds (0d 0h 1m 58s)

---------------  T H R E A D  ---------------

Current thread (0x0000018bbad092d0):  VMThread "VM Thread"          [id=11080, stack(0x00000046eb500000,0x00000046eb600000) (1024K)]

Stack: [0x00000046eb500000,0x00000046eb600000]
Native frames: (J=compiled Java code, j=interpreted, Vv=VM code, C=native code)
V  [jvm.dll+0x7aa709]  (no source info available)
V  [jvm.dll+0x7749ed]  (no source info available)
V  [jvm.dll+0x9f7433]  (no source info available)
V  [jvm.dll+0x9f9a21]  (no source info available)
V  [jvm.dll+0x9fa133]  (no source info available)
V  [jvm.dll+0x2fd266]  (no source info available)
V  [jvm.dll+0x7a6935]  (no source info available)
V  [jvm.dll+0x799d87]  (no source info available)
V  [jvm.dll+0x3f5d88]  (no source info available)
V  [jvm.dll+0x3fdcf6]  (no source info available)
V  [jvm.dll+0x3ea45e]  (no source info available)
V  [jvm.dll+0x3ea718]  (no source info available)
V  [jvm.dll+0x3c1575]  (no source info available)
V  [jvm.dll+0x3c160a]  (no source info available)
V  [jvm.dll+0x40ead6]  (no source info available)
V  [jvm.dll+0x40d3e8]  (no source info available)
V  [jvm.dll+0x3c0ca7]  (no source info available)
V  [jvm.dll+0x40c7cf]  (no source info available)
V  [jvm.dll+0xa00382]  (no source info available)
V  [jvm.dll+0xa016a1]  (no source info available)
V  [jvm.dll+0xa01c18]  (no source info available)
V  [jvm.dll+0xa01eb3]  (no source info available)
V  [jvm.dll+0x99894d]  (no source info available)
V  [jvm.dll+0x7a8ce5]  (no source info available)
C  [ucrtbase.dll+0x21bb2]  (no source info available)
C  [KERNEL32.DLL+0x17374]  (no source info available)
C  [ntdll.dll+0x4cc91]  (no source info available)

VM_Operation (0x00000046f20f9db8): G1CollectForAllocation, mode: safepoint, requested by thread 0x0000018bcb14c290


---------------  P R O C E S S  ---------------

Threads class SMR info:
_java_thread_list=0x0000018bcb16e810, length=106, elements={
0x0000018b9db46180, 0x0000018bbad1cd70, 0x0000018bbad1d7d0, 0x0000018bbad1e630,
0x0000018bbad20350, 0x0000018bbad20f10, 0x0000018bbad21ad0, 0x0000018bbad229c0,
0x0000018bbad23df0, 0x0000018bbf15fb50, 0x0000018bbf1d8bd0, 0x0000018bc0a65e90,
0x0000018bc00c53e0, 0x0000018bc0b025c0, 0x0000018bc0e465f0, 0x0000018bbf00b030,
0x0000018bbf00b800, 0x0000018bbf00c7a0, 0x0000018bbf00cf70, 0x0000018bc0f7fe60,
0x0000018bc0f82d40, 0x0000018bc0f7df20, 0x0000018bc0f82570, 0x0000018bc0f7eec0,
0x0000018bbfbbafb0, 0x0000018bbfbb88a0, 0x0000018bbfbba7e0, 0x0000018bbfbb9840,
0x0000018bbfbb6960, 0x0000018bbfc860d0, 0x0000018bbfc84960, 0x0000018bbfc84190,
0x0000018bbfc839c0, 0x0000018bbfc88010, 0x0000018bbfc812b0, 0x0000018bc2605410,
0x0000018bc2605be0, 0x0000018bc26034d0, 0x0000018bc2604c40, 0x0000018bc2602d00,
0x0000018bc2608ac0, 0x0000018bc3acfda0, 0x0000018bc3ad24b0, 0x0000018bc3acb750,
0x0000018bc3acee00, 0x0000018bc3acd690, 0x0000018bc3ad1ce0, 0x0000018bc14da410,
0x0000018bc14dabe0, 0x0000018bc14dbb80, 0x0000018bca239930, 0x0000018bca23ef20,
0x0000018bca239160, 0x0000018bca23b0a0, 0x0000018bca23e750, 0x0000018bca23c040,
0x0000018bca23df80, 0x0000018bca2076b0, 0x0000018bca205f40, 0x0000018bca206710,
0x0000018bca206ee0, 0x0000018bca201120, 0x0000018bca205770, 0x0000018bca2020c0,
0x0000018bca209dc0, 0x0000018bca20d470, 0x0000018bca20bd00, 0x0000018bca20b530,
0x0000018bca20dc40, 0x0000018bca20ebe0, 0x0000018bca210350, 0x0000018bc4874f00,
0x0000018bc487bc60, 0x0000018bc48785b0, 0x0000018bc4878d80, 0x0000018bc4876e40,
0x0000018bc4877610, 0x0000018bc4879d20, 0x0000018bc487acc0, 0x0000018bcac8aef0,
0x0000018bcac887e0, 0x0000018bcac88fb0, 0x0000018bcac8b6c0, 0x0000018bcac8ce30,
0x0000018bcac8ddd0, 0x0000018bcac97240, 0x0000018bcac962a0, 0x0000018bcac933c0,
0x0000018bc3eee2f0, 0x0000018bc3ef0a00, 0x0000018bc3eebbe0, 0x0000018bc3eed350,
0x0000018bc3ef5050, 0x0000018bc3efae10, 0x0000018bc3ef8ed0, 0x0000018bc3ef9e70,
0x0000018bc3ef5ff0, 0x0000018bc3ef7f30, 0x0000018bca0be0f0, 0x0000018bca0bd150,
0x0000018bca0bd920, 0x0000018bca0c5620, 0x0000018bca0c3eb0, 0x0000018bcb14c290,
0x0000018bc4d18c30, 0x0000018bc4d21540
}

Java Threads: ( => current thread )
  0x0000018b9db46180 JavaThread "main"                              [_thread_blocked, id=28592, stack(0x00000046eae00000,0x00000046eaf00000) (1024K)]
  0x0000018bbad1cd70 JavaThread "Reference Handler"          daemon [_thread_blocked, id=20744, stack(0x00000046eb600000,0x00000046eb700000) (1024K)]
  0x0000018bbad1d7d0 JavaThread "Finalizer"                  daemon [_thread_blocked, id=13288, stack(0x00000046eb700000,0x00000046eb800000) (1024K)]
  0x0000018bbad1e630 JavaThread "Signal Dispatcher"          daemon [_thread_blocked, id=15160, stack(0x00000046eb800000,0x00000046eb900000) (1024K)]
  0x0000018bbad20350 JavaThread "Attach Listener"            daemon [_thread_blocked, id=26208, stack(0x00000046eb900000,0x00000046eba00000) (1024K)]
  0x0000018bbad20f10 JavaThread "Service Thread"             daemon [_thread_blocked, id=24152, stack(0x00000046eba00000,0x00000046ebb00000) (1024K)]
  0x0000018bbad21ad0 JavaThread "Monitor Deflation Thread"   daemon [_thread_blocked, id=18972, stack(0x00000046ebb00000,0x00000046ebc00000) (1024K)]
  0x0000018bbad229c0 JavaThread "C2 CompilerThread0"         daemon [_thread_blocked, id=14084, stack(0x00000046ebc00000,0x00000046ebd00000) (1024K)]
  0x0000018bbad23df0 JavaThread "C1 CompilerThread0"         daemon [_thread_blocked, id=10452, stack(0x00000046ebd00000,0x00000046ebe00000) (1024K)]
  0x0000018bbf15fb50 JavaThread "Common-Cleaner"             daemon [_thread_blocked, id=32288, stack(0x00000046ebe00000,0x00000046ebf00000) (1024K)]
  0x0000018bbf1d8bd0 JavaThread "Notification Thread"        daemon [_thread_blocked, id=4600, stack(0x00000046ebf00000,0x00000046ec000000) (1024K)]
  0x0000018bc0a65e90 JavaThread "Daemon health stats"               [_thread_blocked, id=15432, stack(0x00000046ec000000,0x00000046ec100000) (1024K)]
  0x0000018bc00c53e0 JavaThread "Incoming local TCP Connector on port 50855"        [_thread_in_native, id=10636, stack(0x00000046ec200000,0x00000046ec300000) (1024K)]
  0x0000018bc0b025c0 JavaThread "Daemon periodic checks"            [_thread_blocked, id=13084, stack(0x00000046ec300000,0x00000046ec400000) (1024K)]
  0x0000018bc0e465f0 JavaThread "Daemon"                            [_thread_blocked, id=18984, stack(0x00000046ec400000,0x00000046ec500000) (1024K)]
  0x0000018bbf00b030 JavaThread "Handler for socket connection from /127.0.0.1:50855 to /127.0.0.1:50856"        [_thread_in_native, id=27112, stack(0x00000046ec500000,0x00000046ec600000) (1024K)]
  0x0000018bbf00b800 JavaThread "Cancel handler"                    [_thread_blocked, id=30932, stack(0x00000046ec600000,0x00000046ec700000) (1024K)]
  0x0000018bbf00c7a0 JavaThread "Daemon worker"                     [_thread_blocked, id=31852, stack(0x00000046ec700000,0x00000046ec800000) (1024K)]
  0x0000018bbf00cf70 JavaThread "Asynchronous log dispatcher for DefaultDaemonConnection: socket connection from /127.0.0.1:50855 to /127.0.0.1:50856"        [_thread_blocked, id=14044, stack(0x00000046ec800000,0x00000046ec900000) (1024K)]
  0x0000018bc0f7fe60 JavaThread "Stdin handler"                     [_thread_blocked, id=22488, stack(0x00000046ec900000,0x00000046eca00000) (1024K)]
  0x0000018bc0f82d40 JavaThread "Daemon client event forwarder"        [_thread_blocked, id=31884, stack(0x00000046eca00000,0x00000046ecb00000) (1024K)]
  0x0000018bc0f7df20 JavaThread "Cache worker for journal cache (C:\Users\padi kering\.gradle\caches\journal-1)"        [_thread_blocked, id=28800, stack(0x00000046ed100000,0x00000046ed200000) (1024K)]
  0x0000018bc0f82570 JavaThread "File lock request listener"        [_thread_in_native, id=17128, stack(0x00000046ed200000,0x00000046ed300000) (1024K)]
  0x0000018bc0f7eec0 JavaThread "Cache worker for file hash cache (C:\Users\padi kering\.gradle\caches\9.0.0\fileHashes)"        [_thread_blocked, id=20616, stack(0x00000046ed300000,0x00000046ed400000) (1024K)]
  0x0000018bbfbbafb0 JavaThread "Cache worker for file hash cache (C:\Users\padi kering\Documents\KERJAAN\Manajemen Warung\fe\.gradle\9.0.0\fileHashes)"        [_thread_blocked, id=13852, stack(0x00000046ed600000,0x00000046ed700000) (1024K)]
  0x0000018bbfbb88a0 JavaThread "Cache worker for checksums cache (C:\Users\padi kering\Documents\KERJAAN\Manajemen Warung\fe\.gradle\9.0.0\checksums)"        [_thread_blocked, id=17060, stack(0x00000046ed700000,0x00000046ed800000) (1024K)]
  0x0000018bbfbba7e0 JavaThread "Cache worker for Build Output Cleanup Cache (C:\Users\padi kering\Documents\KERJAAN\Manajemen Warung\fe\.gradle\buildOutputCleanup)"        [_thread_blocked, id=6412, stack(0x00000046ed800000,0x00000046ed900000) (1024K)]
  0x0000018bbfbb9840 JavaThread "Cache worker for file content cache (C:\Users\padi kering\.gradle\caches\9.0.0\fileContent)"        [_thread_blocked, id=32376, stack(0x00000046ed900000,0x00000046eda00000) (1024K)]
  0x0000018bbfbb6960 JavaThread "File watcher server"        daemon [_thread_blocked, id=33472, stack(0x00000046ed400000,0x00000046ed500000) (1024K)]
  0x0000018bbfc860d0 JavaThread "File watcher consumer"      daemon [_thread_blocked, id=16140, stack(0x00000046eda00000,0x00000046edb00000) (1024K)]
  0x0000018bbfc84960 JavaThread "Cache worker for cache directory md-supplier (C:\Users\padi kering\.gradle\caches\9.0.0\md-supplier)"        [_thread_blocked, id=31112, stack(0x00000046edb00000,0x00000046edc00000) (1024K)]
  0x0000018bbfc84190 JavaThread "Cache worker for cache directory md-rule (C:\Users\padi kering\.gradle\caches\9.0.0\md-rule)"        [_thread_blocked, id=26496, stack(0x00000046edc00000,0x00000046edd00000) (1024K)]
  0x0000018bbfc839c0 JavaThread "Unconstrained build operations"        [_thread_blocked, id=10052, stack(0x00000046edd00000,0x00000046ede00000) (1024K)]
  0x0000018bbfc88010 JavaThread "Unconstrained build operations Thread 2"        [_thread_blocked, id=25448, stack(0x00000046ede00000,0x00000046edf00000) (1024K)]
  0x0000018bbfc812b0 JavaThread "Unconstrained build operations Thread 3"        [_thread_blocked, id=23904, stack(0x00000046edf00000,0x00000046ee000000) (1024K)]
  0x0000018bc2605410 JavaThread "Configuration cache report writer"        [_thread_blocked, id=28604, stack(0x00000046ee000000,0x00000046ee100000) (1024K)]
  0x0000018bc2605be0 JavaThread "Unconstrained build operations Thread 4"        [_thread_blocked, id=18892, stack(0x00000046ee100000,0x00000046ee200000) (1024K)]
  0x0000018bc26034d0 JavaThread "Unconstrained build operations Thread 5"        [_thread_blocked, id=20432, stack(0x00000046ee200000,0x00000046ee300000) (1024K)]
  0x0000018bc2604c40 JavaThread "Unconstrained build operations Thread 6"        [_thread_blocked, id=32684, stack(0x00000046ee300000,0x00000046ee400000) (1024K)]
  0x0000018bc2602d00 JavaThread "Unconstrained build operations Thread 7"        [_thread_blocked, id=31280, stack(0x00000046ee400000,0x00000046ee500000) (1024K)]
  0x0000018bc2608ac0 JavaThread "Unconstrained build operations Thread 8"        [_thread_blocked, id=27292, stack(0x00000046ee500000,0x00000046ee600000) (1024K)]
  0x0000018bc3acfda0 JavaThread "Unconstrained build operations Thread 9"        [_thread_blocked, id=26452, stack(0x00000046ee600000,0x00000046ee700000) (1024K)]
  0x0000018bc3ad24b0 JavaThread "Unconstrained build operations Thread 10"        [_thread_blocked, id=32940, stack(0x00000046ee700000,0x00000046ee800000) (1024K)]
  0x0000018bc3acb750 JavaThread "Unconstrained build operations Thread 11"        [_thread_blocked, id=26652, stack(0x00000046ee800000,0x00000046ee900000) (1024K)]
  0x0000018bc3acee00 JavaThread "Unconstrained build operations Thread 12"        [_thread_blocked, id=8132, stack(0x00000046ee900000,0x00000046eea00000) (1024K)]
  0x0000018bc3acd690 JavaThread "Memory manager"                    [_thread_blocked, id=26672, stack(0x00000046eea00000,0x00000046eeb00000) (1024K)]
  0x0000018bc3ad1ce0 JavaThread "Problems report writer"            [_thread_blocked, id=28748, stack(0x00000046eeb00000,0x00000046eec00000) (1024K)]
  0x0000018bc14da410 JavaThread "build event listener"              [_thread_blocked, id=2392, stack(0x00000046eec00000,0x00000046eed00000) (1024K)]
  0x0000018bc14dabe0 JavaThread "File lock release action executor"        [_thread_blocked, id=12308, stack(0x00000046eed00000,0x00000046eee00000) (1024K)]
  0x0000018bc14dbb80 JavaThread "Build operations"                  [_thread_blocked, id=5672, stack(0x00000046eee00000,0x00000046eef00000) (1024K)]
  0x0000018bca239930 JavaThread "Unconstrained build operations Thread 13"        [_thread_blocked, id=33388, stack(0x00000046eef00000,0x00000046ef000000) (1024K)]
  0x0000018bca23ef20 JavaThread "Unconstrained build operations Thread 14"        [_thread_blocked, id=25220, stack(0x00000046ef000000,0x00000046ef100000) (1024K)]
  0x0000018bca239160 JavaThread "Unconstrained build operations Thread 15"        [_thread_blocked, id=8388, stack(0x00000046ef100000,0x00000046ef200000) (1024K)]
  0x0000018bca23b0a0 JavaThread "Unconstrained build operations Thread 16"        [_thread_blocked, id=5528, stack(0x00000046ef200000,0x00000046ef300000) (1024K)]
  0x0000018bca23e750 JavaThread "Unconstrained build operations Thread 17"        [_thread_blocked, id=14468, stack(0x00000046ef300000,0x00000046ef400000) (1024K)]
  0x0000018bca23c040 JavaThread "Unconstrained build operations Thread 18"        [_thread_blocked, id=2160, stack(0x00000046ef400000,0x00000046ef500000) (1024K)]
  0x0000018bca23df80 JavaThread "Unconstrained build operations Thread 19"        [_thread_blocked, id=18616, stack(0x00000046ef500000,0x00000046ef600000) (1024K)]
  0x0000018bca2076b0 JavaThread "Unconstrained build operations Thread 20"        [_thread_blocked, id=4956, stack(0x00000046ef600000,0x00000046ef700000) (1024K)]
  0x0000018bca205f40 JavaThread "Unconstrained build operations Thread 21"        [_thread_blocked, id=9848, stack(0x00000046ef700000,0x00000046ef800000) (1024K)]
  0x0000018bca206710 JavaThread "Unconstrained build operations Thread 22"        [_thread_blocked, id=2020, stack(0x00000046ef800000,0x00000046ef900000) (1024K)]
  0x0000018bca206ee0 JavaThread "Unconstrained build operations Thread 23"        [_thread_blocked, id=12560, stack(0x00000046ef900000,0x00000046efa00000) (1024K)]
  0x0000018bca201120 JavaThread "Build operations Thread 2"         [_thread_blocked, id=23692, stack(0x00000046efb00000,0x00000046efc00000) (1024K)]
  0x0000018bca205770 JavaThread "included builds"                   [_thread_blocked, id=12524, stack(0x00000046efa00000,0x00000046efb00000) (1024K)]
  0x0000018bca2020c0 JavaThread "Execution worker"                  [_thread_blocked, id=23260, stack(0x00000046efc00000,0x00000046efd00000) (1024K)]
  0x0000018bca209dc0 JavaThread "Execution worker Thread 2"         [_thread_blocked, id=17344, stack(0x00000046efd00000,0x00000046efe00000) (1024K)]
  0x0000018bca20d470 JavaThread "Execution worker Thread 3"         [_thread_blocked, id=28820, stack(0x00000046efe00000,0x00000046eff00000) (1024K)]
  0x0000018bca20bd00 JavaThread "Cache worker for execution history cache (C:\Users\padi kering\Documents\KERJAAN\Manajemen Warung\fe\.gradle\9.0.0\executionHistory)"        [_thread_blocked, id=5968, stack(0x00000046eff00000,0x00000046f0000000) (1024K)]
  0x0000018bca20b530 JavaThread "Unconstrained build operations Thread 24"        [_thread_blocked, id=14092, stack(0x00000046f0000000,0x00000046f0100000) (1024K)]
  0x0000018bca20dc40 JavaThread "Unconstrained build operations Thread 25"        [_thread_blocked, id=26228, stack(0x00000046f0100000,0x00000046f0200000) (1024K)]
  0x0000018bca20ebe0 JavaThread "Unconstrained build operations Thread 26"        [_thread_blocked, id=17176, stack(0x00000046f0200000,0x00000046f0300000) (1024K)]
  0x0000018bca210350 JavaThread "Unconstrained build operations Thread 27"        [_thread_blocked, id=10744, stack(0x00000046f0300000,0x00000046f0400000) (1024K)]
  0x0000018bc4874f00 JavaThread "Unconstrained build operations Thread 28"        [_thread_blocked, id=4364, stack(0x00000046f0400000,0x00000046f0500000) (1024K)]
  0x0000018bc487bc60 JavaThread "Unconstrained build operations Thread 29"        [_thread_blocked, id=17728, stack(0x00000046f0500000,0x00000046f0600000) (1024K)]
  0x0000018bc48785b0 JavaThread "Unconstrained build operations Thread 30"        [_thread_blocked, id=25452, stack(0x00000046eab00000,0x00000046eac00000) (1024K)]
  0x0000018bc4878d80 JavaThread "Unconstrained build operations Thread 31"        [_thread_blocked, id=20156, stack(0x00000046eac00000,0x00000046ead00000) (1024K)]
  0x0000018bc4876e40 JavaThread "Unconstrained build operations Thread 32"        [_thread_blocked, id=20112, stack(0x00000046ead00000,0x00000046eae00000) (1024K)]
  0x0000018bc4877610 JavaThread "Unconstrained build operations Thread 33"        [_thread_blocked, id=1172, stack(0x00000046f0600000,0x00000046f0700000) (1024K)]
  0x0000018bc4879d20 JavaThread "Unconstrained build operations Thread 34"        [_thread_blocked, id=28400, stack(0x00000046f0700000,0x00000046f0800000) (1024K)]
  0x0000018bc487acc0 JavaThread "Unconstrained build operations Thread 35"        [_thread_blocked, id=8608, stack(0x00000046f0800000,0x00000046f0900000) (1024K)]
  0x0000018bcac8aef0 JavaThread "Unconstrained build operations Thread 36"        [_thread_blocked, id=10476, stack(0x00000046f0900000,0x00000046f0a00000) (1024K)]
  0x0000018bcac887e0 JavaThread "Unconstrained build operations Thread 37"        [_thread_blocked, id=29072, stack(0x00000046f0a00000,0x00000046f0b00000) (1024K)]
  0x0000018bcac88fb0 JavaThread "Unconstrained build operations Thread 38"        [_thread_blocked, id=9080, stack(0x00000046f0b00000,0x00000046f0c00000) (1024K)]
  0x0000018bcac8b6c0 JavaThread "Unconstrained build operations Thread 39"        [_thread_blocked, id=30868, stack(0x00000046f0c00000,0x00000046f0d00000) (1024K)]
  0x0000018bcac8ce30 JavaThread "Unconstrained build operations Thread 40"        [_thread_blocked, id=13348, stack(0x00000046f0d00000,0x00000046f0e00000) (1024K)]
  0x0000018bcac8ddd0 JavaThread "WorkerExecutor Queue"              [_thread_blocked, id=32536, stack(0x00000046f0f00000,0x00000046f1000000) (1024K)]
  0x0000018bcac97240 JavaThread "WorkerExecutor Queue Thread 2"        [_thread_blocked, id=26256, stack(0x00000046f1000000,0x00000046f1100000) (1024K)]
  0x0000018bcac962a0 JavaThread "WorkerExecutor Queue Thread 3"        [_thread_blocked, id=33724, stack(0x00000046f1100000,0x00000046f1200000) (1024K)]
  0x0000018bcac933c0 JavaThread "WorkerExecutor Queue Thread 4"        [_thread_blocked, id=32372, stack(0x00000046f1200000,0x00000046f1300000) (1024K)]
  0x0000018bc3eee2f0 JavaThread "pool-3-thread-1"                   [_thread_blocked, id=26992, stack(0x00000046f1300000,0x00000046f1400000) (1024K)]
  0x0000018bc3ef0a00 JavaThread "stderr"                            [_thread_in_native, id=16112, stack(0x00000046f1400000,0x00000046f1500000) (1024K)]
  0x0000018bc3eebbe0 JavaThread "stdout"                            [_thread_in_native, id=14048, stack(0x00000046f1500000,0x00000046f1600000) (1024K)]
  0x0000018bc3eed350 JavaThread "Java2D Disposer"            daemon [_thread_blocked, id=21636, stack(0x00000046f1600000,0x00000046f1700000) (1024K)]
  0x0000018bc3ef5050 JavaThread "AWT-Windows"                daemon [_thread_in_native, id=12588, stack(0x00000046f1800000,0x00000046f1900000) (1024K)]
  0x0000018bc3efae10 JavaThread "DefaultDispatcher-worker-1" daemon [_thread_blocked, id=9208, stack(0x00000046f1a00000,0x00000046f1b00000) (1024K)]
  0x0000018bc3ef8ed0 JavaThread "DefaultDispatcher-worker-2" daemon [_thread_blocked, id=24424, stack(0x00000046f1b00000,0x00000046f1c00000) (1024K)]
  0x0000018bc3ef9e70 JavaThread "DefaultDispatcher-worker-3" daemon [_thread_blocked, id=10428, stack(0x00000046f1c00000,0x00000046f1d00000) (1024K)]
  0x0000018bc3ef5ff0 JavaThread "Periodic tasks thread"      daemon [_thread_blocked, id=12300, stack(0x00000046f1700000,0x00000046f1800000) (1024K)]
  0x0000018bc3ef7f30 JavaThread "ApplicationImpl pooled thread 1"        [_thread_blocked, id=27280, stack(0x00000046f1900000,0x00000046f1a00000) (1024K)]
  0x0000018bca0be0f0 JavaThread "ForkJoinPool.commonPool-worker-1" daemon [_thread_blocked, id=13716, stack(0x00000046f1d00000,0x00000046f1e00000) (1024K)]
  0x0000018bca0bd150 JavaThread "ForkJoinPool.commonPool-worker-2" daemon [_thread_blocked, id=9912, stack(0x00000046f1e00000,0x00000046f1f00000) (1024K)]
  0x0000018bca0bd920 JavaThread "ForkJoinPool.commonPool-worker-3" daemon [_thread_blocked, id=28068, stack(0x00000046f1f00000,0x00000046f2000000) (1024K)]
  0x0000018bca0c5620 JavaThread "ForkJoinPool.commonPool-worker-4" daemon [_thread_blocked, id=22304, stack(0x00000046f2100000,0x00000046f2200000) (1024K)]
  0x0000018bca0c3eb0 JavaThread "ForkJoinPool.commonPool-worker-5" daemon [_thread_blocked, id=9548, stack(0x00000046f2200000,0x00000046f2300000) (1024K)]
  0x0000018bcb14c290 JavaThread "pool-5-thread-1"                   [_thread_blocked, id=26524, stack(0x00000046f2000000,0x00000046f2100000) (1024K)]
  0x0000018bc4d18c30 JavaThread "C2 CompilerThread1"         daemon [_thread_blocked, id=27272, stack(0x00000046f2300000,0x00000046f2400000) (1024K)]
  0x0000018bc4d21540 JavaThread "C2 CompilerThread2"         daemon [_thread_blocked, id=14080, stack(0x00000046f2400000,0x00000046f2500000) (1024K)]
Total: 106

Other Threads:
=>0x0000018bbad092d0 VMThread "VM Thread"                           [id=11080, stack(0x00000046eb500000,0x00000046eb600000) (1024K)]
  0x0000018bbacfa1b0 WatcherThread "VM Periodic Task Thread"        [id=8056, stack(0x00000046eb400000,0x00000046eb500000) (1024K)]
  0x0000018b9dba9ea0 WorkerThread "GC Thread#0"                     [id=6324, stack(0x00000046eaf00000,0x00000046eb000000) (1024K)]
  0x0000018bc00cc3a0 WorkerThread "GC Thread#1"                     [id=32336, stack(0x00000046ec100000,0x00000046ec200000) (1024K)]
  0x0000018bbf075a30 WorkerThread "GC Thread#2"                     [id=16700, stack(0x00000046ecb00000,0x00000046ecc00000) (1024K)]
  0x0000018bbf0744a0 WorkerThread "GC Thread#3"                     [id=26164, stack(0x00000046ecc00000,0x00000046ecd00000) (1024K)]
  0x0000018bbf0737b0 WorkerThread "GC Thread#4"                     [id=11400, stack(0x00000046ecd00000,0x00000046ece00000) (1024K)]
  0x0000018bbf073360 WorkerThread "GC Thread#5"                     [id=21260, stack(0x00000046ece00000,0x00000046ecf00000) (1024K)]
  0x0000018bbf073c00 WorkerThread "GC Thread#6"                     [id=2708, stack(0x00000046ecf00000,0x00000046ed000000) (1024K)]
  0x0000018bbf075e80 WorkerThread "GC Thread#7"                     [id=21084, stack(0x00000046ed000000,0x00000046ed100000) (1024K)]
  0x0000018b9dbc2f70 ConcurrentGCThread "G1 Main Marker"            [id=33292, stack(0x00000046eb000000,0x00000046eb100000) (1024K)]
  0x0000018b9dbc42b0 WorkerThread "G1 Conc#0"                       [id=16144, stack(0x00000046eb100000,0x00000046eb200000) (1024K)]
  0x0000018bbf076720 WorkerThread "G1 Conc#1"                       [id=31312, stack(0x00000046ed500000,0x00000046ed600000) (1024K)]
  0x0000018b9dc0a6c0 ConcurrentGCThread "G1 Refine#0"               [id=24836, stack(0x00000046eb200000,0x00000046eb300000) (1024K)]
  0x0000018b9dc0b2d0 ConcurrentGCThread "G1 Service"                [id=10288, stack(0x00000046eb300000,0x00000046eb400000) (1024K)]
Total: 15

Threads with active compile tasks:
C2 CompilerThread0  118516 27080       4       org.jetbrains.kotlin.parsing.SemanticWhitespaceAwarePsiBuilderImpl::lookAhead (46 bytes)
C1 CompilerThread0  118516 27136       3       org.jetbrains.kotlin.fir.declarations.builder.FirReceiverParameterBuilder::setTypeRef (12 bytes)
C2 CompilerThread1  118516 27119       4       org.jetbrains.kotlin.parsing.KotlinExpressionParsing::parsePrefixExpression (144 bytes)
C2 CompilerThread2  118516 27120       4       org.jetbrains.kotlin.parsing.KotlinExpressionParsing::parsePostfixExpression (228 bytes)
Total: 4

VM state: at safepoint (normal execution)

VM Mutex/Monitor currently owned by a thread:  ([mutex/lock_event])
[0x00007ffe719696a8] Threads_lock - owner thread: 0x0000018bbad092d0
[0x00007ffe71969828] Heap_lock - owner thread: 0x0000018bcb14c290

Heap address: 0x0000000080000000, size: 2048 MB, Compressed Oops mode: 32-bit

CDS archive(s) mapped at: [0x0000000025000000-0x0000000025dd0000-0x0000000025dd0000), size 14483456, SharedBaseAddress: 0x0000000025000000, ArchiveRelocationMode: 1.
Compressed class space mapped at: 0x0000000026000000-0x0000000066000000, reserved size: 1073741824
UseCompressedClassPointers 1, UseCompactObjectHeaders 0
Narrow klass pointer bits 32, Max shift 3
Narrow klass base: 0x0000000025000000, Narrow klass shift: 0
Encoding Range: [0x0000000025000000 - 0x0000000125000000), (4294967296 bytes)
Klass Range:    [0x0000000025010000 - 0x0000000066000000), (1090453504 bytes)
Klass ID Range:  [65536 - 1090519033) (1090453497)
Protection zone: [0x0000000025000000 - 0x0000000025010000), (65536 bytes)

GC Precious Log:
 CardTable entry size: 512
 Card Set container configuration: InlinePtr #cards 5 size 8 Array Of Cards #cards 10 size 36 Howl #buckets 4 coarsen threshold 1843 Howl Bitmap #cards 512 size 80 coarsen threshold 460 Card regions per heap region 1 cards per card region 2048
 CPUs: 8 total, 8 available
 Memory: 6062M
 Large Page Support: Disabled
 NUMA Support: Disabled
 Compressed Oops: Enabled (32-bit)
 Heap Region Size: 1M
 Heap Min Capacity: 8M
 Heap Initial Capacity: 96M
 Heap Max Capacity: 2G
 Pre-touch: Disabled
 Parallel Workers: 8
 Concurrent Workers: 2
 Concurrent Refinement Workers: 8
 Periodic GC: Disabled

Heap:
 garbage-first heap   total reserved 2097152K, committed 348160K, used 210944K [0x0000000080000000, 0x0000000100000000)
  region size 1024K, 10 young (10240K), 10 survivors (10240K)

Heap Regions: E=young(eden), S=young(survivor), O=old, HS=humongous(starts), HC=humongous(continues), CS=collection set, F=free, TAMS=top-at-mark-start, PB=parsable bottom
|   0|0x0000000080000000, 0x0000000080100000, 0x0000000080100000|100%|HS|  |TAMS 0x0000000080000000| PB 0x0000000080000000| Complete |  0
|   1|0x0000000080100000, 0x0000000080200000, 0x0000000080200000|100%|HC|  |TAMS 0x0000000080100000| PB 0x0000000080100000| Complete |  0
|   2|0x0000000080200000, 0x0000000080300000, 0x0000000080300000|100%|HC|  |TAMS 0x0000000080200000| PB 0x0000000080200000| Complete |  0
|   3|0x0000000080300000, 0x0000000080400000, 0x0000000080400000|100%| O|  |TAMS 0x0000000080300000| PB 0x0000000080300000| Untracked |  0
|   4|0x0000000080400000, 0x0000000080500000, 0x0000000080500000|100%| O|  |TAMS 0x0000000080400000| PB 0x0000000080400000| Untracked |  0
|   5|0x0000000080500000, 0x0000000080600000, 0x0000000080600000|100%| O|  |TAMS 0x0000000080500000| PB 0x0000000080500000| Untracked |  0
|   6|0x0000000080600000, 0x0000000080700000, 0x0000000080700000|100%| O|  |TAMS 0x0000000080600000| PB 0x0000000080600000| Untracked |  0
|   7|0x0000000080700000, 0x0000000080800000, 0x0000000080800000|100%| O|  |TAMS 0x0000000080700000| PB 0x0000000080700000| Untracked |  0
|   8|0x0000000080800000, 0x0000000080900000, 0x0000000080900000|100%| O|  |TAMS 0x0000000080800000| PB 0x0000000080800000| Untracked |  0
|   9|0x0000000080900000, 0x0000000080a00000, 0x0000000080a00000|100%| O|  |TAMS 0x0000000080900000| PB 0x0000000080900000| Untracked |  0
|  10|0x0000000080a00000, 0x0000000080b00000, 0x0000000080b00000|100%|HS|  |TAMS 0x0000000080a00000| PB 0x0000000080a00000| Complete |  0
|  11|0x0000000080b00000, 0x0000000080c00000, 0x0000000080c00000|100%| O|  |TAMS 0x0000000080b00000| PB 0x0000000080b00000| Untracked |  0
|  12|0x0000000080c00000, 0x0000000080d00000, 0x0000000080d00000|100%| O|  |TAMS 0x0000000080c00000| PB 0x0000000080c00000| Untracked |  0
|  13|0x0000000080d00000, 0x0000000080e00000, 0x0000000080e00000|100%| O|  |TAMS 0x0000000080d00000| PB 0x0000000080d00000| Untracked |  0
|  14|0x0000000080e00000, 0x0000000080f00000, 0x0000000080f00000|100%| O|  |TAMS 0x0000000080e00000| PB 0x0000000080e00000| Untracked |  0
|  15|0x0000000080f00000, 0x0000000081000000, 0x0000000081000000|100%| O|  |TAMS 0x0000000080f00000| PB 0x0000000080f00000| Untracked |  0
|  16|0x0000000081000000, 0x0000000081100000, 0x0000000081100000|100%| O|  |TAMS 0x0000000081000000| PB 0x0000000081000000| Untracked |  0
|  17|0x0000000081100000, 0x0000000081200000, 0x0000000081200000|100%| O|  |TAMS 0x0000000081100000| PB 0x0000000081100000| Untracked |  0
|  18|0x0000000081200000, 0x0000000081300000, 0x0000000081300000|100%| O|  |TAMS 0x0000000081200000| PB 0x0000000081200000| Untracked |  0
|  19|0x0000000081300000, 0x0000000081400000, 0x0000000081400000|100%| O|  |TAMS 0x0000000081300000| PB 0x0000000081300000| Untracked |  0
|  20|0x0000000081400000, 0x0000000081500000, 0x0000000081500000|100%| O|  |TAMS 0x0000000081400000| PB 0x0000000081400000| Untracked |  0
|  21|0x0000000081500000, 0x0000000081600000, 0x0000000081600000|100%| O|  |TAMS 0x0000000081500000| PB 0x0000000081500000| Untracked |  0
|  22|0x0000000081600000, 0x0000000081700000, 0x0000000081700000|100%| O|  |TAMS 0x0000000081600000| PB 0x0000000081600000| Untracked |  0
|  23|0x0000000081700000, 0x0000000081800000, 0x0000000081800000|100%|HS|  |TAMS 0x0000000081700000| PB 0x0000000081700000| Complete |  0
|  24|0x0000000081800000, 0x0000000081900000, 0x0000000081900000|100%|HS|  |TAMS 0x0000000081800000| PB 0x0000000081800000| Complete |  0
|  25|0x0000000081900000, 0x0000000081a00000, 0x0000000081a00000|100%|HS|  |TAMS 0x0000000081900000| PB 0x0000000081900000| Complete |  0
|  26|0x0000000081a00000, 0x0000000081b00000, 0x0000000081b00000|100%|HS|  |TAMS 0x0000000081a00000| PB 0x0000000081a00000| Complete |  0
|  27|0x0000000081b00000, 0x0000000081c00000, 0x0000000081c00000|100%|HC|  |TAMS 0x0000000081b00000| PB 0x0000000081b00000| Complete |  0
|  28|0x0000000081c00000, 0x0000000081d00000, 0x0000000081d00000|100%|HS|  |TAMS 0x0000000081c00000| PB 0x0000000081c00000| Complete |  0
|  29|0x0000000081d00000, 0x0000000081e00000, 0x0000000081e00000|100%|HS|  |TAMS 0x0000000081d00000| PB 0x0000000081d00000| Complete |  0
|  30|0x0000000081e00000, 0x0000000081f00000, 0x0000000081f00000|100%|HC|  |TAMS 0x0000000081e00000| PB 0x0000000081e00000| Complete |  0
|  31|0x0000000081f00000, 0x0000000082000000, 0x0000000082000000|100%| O|  |TAMS 0x0000000081f00000| PB 0x0000000081f00000| Untracked |  0
|  32|0x0000000082000000, 0x0000000082100000, 0x0000000082100000|100%| O|  |TAMS 0x0000000082000000| PB 0x0000000082000000| Untracked |  0
|  33|0x0000000082100000, 0x0000000082200000, 0x0000000082200000|100%| O|  |TAMS 0x0000000082100000| PB 0x0000000082100000| Untracked |  0
|  34|0x0000000082200000, 0x0000000082300000, 0x0000000082300000|100%| O|  |TAMS 0x0000000082200000| PB 0x0000000082200000| Untracked |  0
|  35|0x0000000082300000, 0x0000000082400000, 0x0000000082400000|100%| O|  |TAMS 0x0000000082300000| PB 0x0000000082300000| Untracked |  0
|  36|0x0000000082400000, 0x0000000082500000, 0x0000000082500000|100%| O|  |TAMS 0x0000000082400000| PB 0x0000000082400000| Untracked |  0
|  37|0x0000000082500000, 0x0000000082600000, 0x0000000082600000|100%| O|  |TAMS 0x0000000082500000| PB 0x0000000082500000| Untracked |  0
|  38|0x0000000082600000, 0x0000000082700000, 0x0000000082700000|100%| O|  |TAMS 0x0000000082600000| PB 0x0000000082600000| Untracked |  0
|  39|0x0000000082700000, 0x0000000082800000, 0x0000000082800000|100%| O|  |TAMS 0x0000000082700000| PB 0x0000000082700000| Untracked |  0
|  40|0x0000000082800000, 0x0000000082900000, 0x0000000082900000|100%| O|  |TAMS 0x0000000082800000| PB 0x0000000082800000| Untracked |  0
|  41|0x0000000082900000, 0x0000000082a00000, 0x0000000082a00000|100%| O|  |TAMS 0x0000000082900000| PB 0x0000000082900000| Untracked |  0
|  42|0x0000000082a00000, 0x0000000082b00000, 0x0000000082b00000|100%| O|  |TAMS 0x0000000082a00000| PB 0x0000000082a00000| Untracked |  0
|  43|0x0000000082b00000, 0x0000000082c00000, 0x0000000082c00000|100%| O|  |TAMS 0x0000000082b00000| PB 0x0000000082b00000| Untracked |  0
|  44|0x0000000082c00000, 0x0000000082d00000, 0x0000000082d00000|100%| O|  |TAMS 0x0000000082c00000| PB 0x0000000082c00000| Untracked |  0
|  45|0x0000000082d00000, 0x0000000082e00000, 0x0000000082e00000|100%| O|  |TAMS 0x0000000082d00000| PB 0x0000000082d00000| Untracked |  0
|  46|0x0000000082e00000, 0x0000000082f00000, 0x0000000082f00000|100%| O|  |TAMS 0x0000000082e00000| PB 0x0000000082e00000| Untracked |  0
|  47|0x0000000082f00000, 0x0000000083000000, 0x0000000083000000|100%| O|  |TAMS 0x0000000082f00000| PB 0x0000000082f00000| Untracked |  0
|  48|0x0000000083000000, 0x0000000083100000, 0x0000000083100000|100%| O|  |TAMS 0x0000000083000000| PB 0x0000000083000000| Untracked |  0
|  49|0x0000000083100000, 0x0000000083200000, 0x0000000083200000|100%| O|  |TAMS 0x0000000083100000| PB 0x0000000083100000| Untracked |  0
|  50|0x0000000083200000, 0x0000000083300000, 0x0000000083300000|100%| O|  |TAMS 0x0000000083200000| PB 0x0000000083200000| Untracked |  0
|  51|0x0000000083300000, 0x0000000083400000, 0x0000000083400000|100%| O|  |TAMS 0x0000000083300000| PB 0x0000000083300000| Untracked |  0
|  52|0x0000000083400000, 0x0000000083500000, 0x0000000083500000|100%| O|  |TAMS 0x0000000083400000| PB 0x0000000083400000| Untracked |  0
|  53|0x0000000083500000, 0x0000000083600000, 0x0000000083600000|100%|HS|  |TAMS 0x0000000083500000| PB 0x0000000083500000| Complete |  0
|  54|0x0000000083600000, 0x0000000083700000, 0x0000000083700000|100%| O|  |TAMS 0x0000000083600000| PB 0x0000000083600000| Untracked |  0
|  55|0x0000000083700000, 0x0000000083800000, 0x0000000083800000|100%| O|  |TAMS 0x0000000083700000| PB 0x0000000083700000| Untracked |  0
|  56|0x0000000083800000, 0x0000000083900000, 0x0000000083900000|100%| O|  |TAMS 0x0000000083800000| PB 0x0000000083800000| Untracked |  0
|  57|0x0000000083900000, 0x0000000083a00000, 0x0000000083a00000|100%| O|  |TAMS 0x0000000083900000| PB 0x0000000083900000| Untracked |  0
|  58|0x0000000083a00000, 0x0000000083b00000, 0x0000000083b00000|100%|HS|  |TAMS 0x0000000083a00000| PB 0x0000000083a00000| Complete |  0
|  59|0x0000000083b00000, 0x0000000083c00000, 0x0000000083c00000|100%| O|  |TAMS 0x0000000083b00000| PB 0x0000000083b00000| Untracked |  0
|  60|0x0000000083c00000, 0x0000000083d00000, 0x0000000083d00000|100%| O|  |TAMS 0x0000000083c00000| PB 0x0000000083c00000| Untracked |  0
|  61|0x0000000083d00000, 0x0000000083e00000, 0x0000000083e00000|100%| O|  |TAMS 0x0000000083d00000| PB 0x0000000083d00000| Untracked |  0
|  62|0x0000000083e00000, 0x0000000083f00000, 0x0000000083f00000|100%| O|  |TAMS 0x0000000083e00000| PB 0x0000000083e00000| Untracked |  0
|  63|0x0000000083f00000, 0x0000000084000000, 0x0000000084000000|100%| O|  |TAMS 0x0000000083f00000| PB 0x0000000083f00000| Untracked |  0
|  64|0x0000000084000000, 0x0000000084100000, 0x0000000084100000|100%| O|  |TAMS 0x0000000084000000| PB 0x0000000084000000| Untracked |  0
|  65|0x0000000084100000, 0x0000000084200000, 0x0000000084200000|100%|HS|  |TAMS 0x0000000084100000| PB 0x0000000084100000| Complete |  0
|  66|0x0000000084200000, 0x0000000084300000, 0x0000000084300000|100%| O|  |TAMS 0x0000000084200000| PB 0x0000000084200000| Untracked |  0
|  67|0x0000000084300000, 0x0000000084400000, 0x0000000084400000|100%| O|  |TAMS 0x0000000084300000| PB 0x0000000084300000| Untracked |  0
|  68|0x0000000084400000, 0x0000000084500000, 0x0000000084500000|100%| O|  |TAMS 0x0000000084400000| PB 0x0000000084400000| Untracked |  0
|  69|0x0000000084500000, 0x0000000084600000, 0x0000000084600000|100%| O|  |TAMS 0x0000000084500000| PB 0x0000000084500000| Untracked |  0
|  70|0x0000000084600000, 0x0000000084700000, 0x0000000084700000|100%| O|  |TAMS 0x0000000084600000| PB 0x0000000084600000| Untracked |  0
|  71|0x0000000084700000, 0x0000000084800000, 0x0000000084800000|100%| O|  |TAMS 0x0000000084700000| PB 0x0000000084700000| Untracked |  0
|  72|0x0000000084800000, 0x0000000084900000, 0x0000000084900000|100%| O|  |TAMS 0x0000000084800000| PB 0x0000000084800000| Untracked |  0
|  73|0x0000000084900000, 0x0000000084a00000, 0x0000000084a00000|100%| O|  |TAMS 0x0000000084900000| PB 0x0000000084900000| Untracked |  0
|  74|0x0000000084a00000, 0x0000000084b00000, 0x0000000084b00000|100%| O|  |TAMS 0x0000000084a00000| PB 0x0000000084a00000| Untracked |  0
|  75|0x0000000084b00000, 0x0000000084c00000, 0x0000000084c00000|100%| O|  |TAMS 0x0000000084b00000| PB 0x0000000084b00000| Untracked |  0
|  76|0x0000000084c00000, 0x0000000084d00000, 0x0000000084d00000|100%| O|  |TAMS 0x0000000084c00000| PB 0x0000000084c00000| Untracked |  0
|  77|0x0000000084d00000, 0x0000000084e00000, 0x0000000084e00000|100%| O|  |TAMS 0x0000000084d00000| PB 0x0000000084d00000| Untracked |  0
|  78|0x0000000084e00000, 0x0000000084f00000, 0x0000000084f00000|100%| O|  |TAMS 0x0000000084e00000| PB 0x0000000084e00000| Untracked |  0
|  79|0x0000000084f00000, 0x0000000085000000, 0x0000000085000000|100%| O|  |TAMS 0x0000000084f00000| PB 0x0000000084f00000| Untracked |  0
|  80|0x0000000085000000, 0x0000000085100000, 0x0000000085100000|100%| O|  |TAMS 0x0000000085000000| PB 0x0000000085000000| Untracked |  0
|  81|0x0000000085100000, 0x0000000085200000, 0x0000000085200000|100%| O|  |TAMS 0x0000000085100000| PB 0x0000000085100000| Untracked |  0
|  82|0x0000000085200000, 0x0000000085300000, 0x0000000085300000|100%| O|  |TAMS 0x0000000085200000| PB 0x0000000085200000| Untracked |  0
|  83|0x0000000085300000, 0x0000000085400000, 0x0000000085400000|100%| O|  |TAMS 0x0000000085300000| PB 0x0000000085300000| Untracked |  0
|  84|0x0000000085400000, 0x0000000085500000, 0x0000000085500000|100%| O|  |TAMS 0x0000000085400000| PB 0x0000000085400000| Untracked |  0
|  85|0x0000000085500000, 0x0000000085600000, 0x0000000085600000|100%| O|  |TAMS 0x0000000085500000| PB 0x0000000085500000| Untracked |  0
|  86|0x0000000085600000, 0x0000000085700000, 0x0000000085700000|100%| O|  |TAMS 0x0000000085600000| PB 0x0000000085600000| Untracked |  0
|  87|0x0000000085700000, 0x0000000085800000, 0x0000000085800000|100%| O|  |TAMS 0x0000000085700000| PB 0x0000000085700000| Untracked |  0
|  88|0x0000000085800000, 0x0000000085900000, 0x0000000085900000|100%| O|  |TAMS 0x0000000085800000| PB 0x0000000085800000| Untracked |  0
|  89|0x0000000085900000, 0x0000000085a00000, 0x0000000085a00000|100%| O|  |TAMS 0x0000000085900000| PB 0x0000000085900000| Untracked |  0
|  90|0x0000000085a00000, 0x0000000085b00000, 0x0000000085b00000|100%| O|  |TAMS 0x0000000085a00000| PB 0x0000000085a00000| Untracked |  0
|  91|0x0000000085b00000, 0x0000000085c00000, 0x0000000085c00000|100%| O|  |TAMS 0x0000000085b00000| PB 0x0000000085b00000| Untracked |  0
|  92|0x0000000085c00000, 0x0000000085d00000, 0x0000000085d00000|100%| O|  |TAMS 0x0000000085c00000| PB 0x0000000085c00000| Untracked |  0
|  93|0x0000000085d00000, 0x0000000085d00000, 0x0000000085e00000|  0%| F|  |TAMS 0x0000000085d00000| PB 0x0000000085d00000| Untracked |  0
|  94|0x0000000085e00000, 0x0000000085f00000, 0x0000000085f00000|100%| O|  |TAMS 0x0000000085e00000| PB 0x0000000085e00000| Untracked |  0
|  95|0x0000000085f00000, 0x0000000086000000, 0x0000000086000000|100%| O|  |TAMS 0x0000000085f00000| PB 0x0000000085f00000| Untracked |  0
|  96|0x0000000086000000, 0x0000000086000000, 0x0000000086100000|  0%| F|  |TAMS 0x0000000086000000| PB 0x0000000086000000| Untracked |  0
|  97|0x0000000086100000, 0x0000000086200000, 0x0000000086200000|100%| O|  |TAMS 0x0000000086100000| PB 0x0000000086100000| Untracked |  0
|  98|0x0000000086200000, 0x0000000086300000, 0x0000000086300000|100%| O|  |TAMS 0x0000000086200000| PB 0x0000000086200000| Untracked |  0
|  99|0x0000000086300000, 0x0000000086400000, 0x0000000086400000|100%| O|  |TAMS 0x0000000086300000| PB 0x0000000086300000| Untracked |  0
| 100|0x0000000086400000, 0x0000000086500000, 0x0000000086500000|100%| O|  |TAMS 0x0000000086400000| PB 0x0000000086400000| Untracked |  0
| 101|0x0000000086500000, 0x0000000086600000, 0x0000000086600000|100%| O|  |TAMS 0x0000000086500000| PB 0x0000000086500000| Untracked |  0
| 102|0x0000000086600000, 0x0000000086700000, 0x0000000086700000|100%| O|  |TAMS 0x0000000086600000| PB 0x0000000086600000| Untracked |  0
| 103|0x0000000086700000, 0x0000000086800000, 0x0000000086800000|100%| O|  |TAMS 0x0000000086700000| PB 0x0000000086700000| Untracked |  0
| 104|0x0000000086800000, 0x0000000086900000, 0x0000000086900000|100%| O|  |TAMS 0x0000000086800000| PB 0x0000000086800000| Untracked |  0
| 105|0x0000000086900000, 0x0000000086a00000, 0x0000000086a00000|100%| O|  |TAMS 0x0000000086900000| PB 0x0000000086900000| Untracked |  0
| 106|0x0000000086a00000, 0x0000000086b00000, 0x0000000086b00000|100%| O|  |TAMS 0x0000000086a00000| PB 0x0000000086a00000| Untracked |  0
| 107|0x0000000086b00000, 0x0000000086c00000, 0x0000000086c00000|100%| O|  |TAMS 0x0000000086b00000| PB 0x0000000086b00000| Untracked |  0
| 108|0x0000000086c00000, 0x0000000086d00000, 0x0000000086d00000|100%| O|  |TAMS 0x0000000086c00000| PB 0x0000000086c00000| Untracked |  0
| 109|0x0000000086d00000, 0x0000000086e00000, 0x0000000086e00000|100%| O|  |TAMS 0x0000000086d00000| PB 0x0000000086d00000| Untracked |  0
| 110|0x0000000086e00000, 0x0000000086f00000, 0x0000000086f00000|100%| O|  |TAMS 0x0000000086e00000| PB 0x0000000086e00000| Untracked |  0
| 111|0x0000000086f00000, 0x0000000087000000, 0x0000000087000000|100%| O|  |TAMS 0x0000000086f00000| PB 0x0000000086f00000| Untracked |  0
| 112|0x0000000087000000, 0x0000000087100000, 0x0000000087100000|100%| O|  |TAMS 0x0000000087000000| PB 0x0000000087000000| Untracked |  0
| 113|0x0000000087100000, 0x0000000087200000, 0x0000000087200000|100%| O|  |TAMS 0x0000000087100000| PB 0x0000000087100000| Untracked |  0
| 114|0x0000000087200000, 0x0000000087300000, 0x0000000087300000|100%| O|  |TAMS 0x0000000087200000| PB 0x0000000087200000| Untracked |  0
| 115|0x0000000087300000, 0x0000000087400000, 0x0000000087400000|100%| O|  |TAMS 0x0000000087300000| PB 0x0000000087300000| Untracked |  0
| 116|0x0000000087400000, 0x0000000087500000, 0x0000000087500000|100%| O|  |TAMS 0x0000000087400000| PB 0x0000000087400000| Untracked |  0
| 117|0x0000000087500000, 0x0000000087600000, 0x0000000087600000|100%| O|  |TAMS 0x0000000087500000| PB 0x0000000087500000| Untracked |  0
| 118|0x0000000087600000, 0x0000000087600000, 0x0000000087700000|  0%| F|  |TAMS 0x0000000087600000| PB 0x0000000087600000| Untracked |  0
| 119|0x0000000087700000, 0x0000000087800000, 0x0000000087800000|100%| O|  |TAMS 0x0000000087700000| PB 0x0000000087700000| Untracked |  0
| 120|0x0000000087800000, 0x0000000087900000, 0x0000000087900000|100%|HS|  |TAMS 0x0000000087800000| PB 0x0000000087800000| Complete |  0
| 121|0x0000000087900000, 0x0000000087a00000, 0x0000000087a00000|100%|HC|  |TAMS 0x0000000087900000| PB 0x0000000087900000| Complete |  0
| 122|0x0000000087a00000, 0x0000000087b00000, 0x0000000087b00000|100%|HC|  |TAMS 0x0000000087a00000| PB 0x0000000087a00000| Complete |  0
| 123|0x0000000087b00000, 0x0000000087c00000, 0x0000000087c00000|100%|HC|  |TAMS 0x0000000087b00000| PB 0x0000000087b00000| Complete |  0
| 124|0x0000000087c00000, 0x0000000087d00000, 0x0000000087d00000|100%|HC|  |TAMS 0x0000000087c00000| PB 0x0000000087c00000| Complete |  0
| 125|0x0000000087d00000, 0x0000000087e00000, 0x0000000087e00000|100%| O|  |TAMS 0x0000000087d00000| PB 0x0000000087d00000| Untracked |  0
| 126|0x0000000087e00000, 0x0000000087f00000, 0x0000000087f00000|100%| O|  |TAMS 0x0000000087e00000| PB 0x0000000087e00000| Untracked |  0
| 127|0x0000000087f00000, 0x0000000088000000, 0x0000000088000000|100%| O|  |TAMS 0x0000000087f00000| PB 0x0000000087f00000| Untracked |  0
| 128|0x0000000088000000, 0x0000000088100000, 0x0000000088100000|100%| O|  |TAMS 0x0000000088000000| PB 0x0000000088000000| Untracked |  0
| 129|0x0000000088100000, 0x0000000088100000, 0x0000000088200000|  0%| F|  |TAMS 0x0000000088100000| PB 0x0000000088100000| Untracked |  0
| 130|0x0000000088200000, 0x0000000088300000, 0x0000000088300000|100%| O|  |TAMS 0x0000000088200000| PB 0x0000000088200000| Untracked |  0
| 131|0x0000000088300000, 0x0000000088400000, 0x0000000088400000|100%| O|  |TAMS 0x0000000088300000| PB 0x0000000088300000| Untracked |  0
| 132|0x0000000088400000, 0x0000000088500000, 0x0000000088500000|100%| O|  |TAMS 0x0000000088400000| PB 0x0000000088400000| Untracked |  0
| 133|0x0000000088500000, 0x0000000088600000, 0x0000000088600000|100%| O|  |TAMS 0x0000000088500000| PB 0x0000000088500000| Untracked |  0
| 134|0x0000000088600000, 0x0000000088700000, 0x0000000088700000|100%| O|  |TAMS 0x0000000088600000| PB 0x0000000088600000| Untracked |  0
| 135|0x0000000088700000, 0x0000000088800000, 0x0000000088800000|100%| O|  |TAMS 0x0000000088700000| PB 0x0000000088700000| Untracked |  0
| 136|0x0000000088800000, 0x0000000088900000, 0x0000000088900000|100%| O|  |TAMS 0x0000000088800000| PB 0x0000000088800000| Untracked |  0
| 137|0x0000000088900000, 0x0000000088a00000, 0x0000000088a00000|100%| O|  |TAMS 0x0000000088900000| PB 0x0000000088900000| Untracked |  0
| 138|0x0000000088a00000, 0x0000000088b00000, 0x0000000088b00000|100%| O|  |TAMS 0x0000000088a00000| PB 0x0000000088a00000| Untracked |  0
| 139|0x0000000088b00000, 0x0000000088c00000, 0x0000000088c00000|100%| O|  |TAMS 0x0000000088b00000| PB 0x0000000088b00000| Untracked |  0
| 140|0x0000000088c00000, 0x0000000088d00000, 0x0000000088d00000|100%| O|  |TAMS 0x0000000088c00000| PB 0x0000000088c00000| Untracked |  0
| 141|0x0000000088d00000, 0x0000000088e00000, 0x0000000088e00000|100%| O|  |TAMS 0x0000000088d00000| PB 0x0000000088d00000| Untracked |  0
| 142|0x0000000088e00000, 0x0000000088f00000, 0x0000000088f00000|100%| O|  |TAMS 0x0000000088e00000| PB 0x0000000088e00000| Untracked |  0
| 143|0x0000000088f00000, 0x0000000089000000, 0x0000000089000000|100%| O|  |TAMS 0x0000000088f00000| PB 0x0000000088f00000| Untracked |  0
| 144|0x0000000089000000, 0x0000000089100000, 0x0000000089100000|100%| O|  |TAMS 0x0000000089000000| PB 0x0000000089000000| Untracked |  0
| 145|0x0000000089100000, 0x0000000089200000, 0x0000000089200000|100%| O|  |TAMS 0x0000000089100000| PB 0x0000000089100000| Untracked |  0
| 146|0x0000000089200000, 0x0000000089300000, 0x0000000089300000|100%| O|  |TAMS 0x0000000089200000| PB 0x0000000089200000| Untracked |  0
| 147|0x0000000089300000, 0x0000000089300000, 0x0000000089400000|  0%| F|  |TAMS 0x0000000089300000| PB 0x0000000089300000| Untracked |  0
| 148|0x0000000089400000, 0x0000000089500000, 0x0000000089500000|100%| O|  |TAMS 0x0000000089400000| PB 0x0000000089400000| Untracked |  0
| 149|0x0000000089500000, 0x0000000089500000, 0x0000000089600000|  0%| F|  |TAMS 0x0000000089500000| PB 0x0000000089500000| Untracked |  0
| 150|0x0000000089600000, 0x0000000089600000, 0x0000000089700000|  0%| F|  |TAMS 0x0000000089600000| PB 0x0000000089600000| Untracked |  0
| 151|0x0000000089700000, 0x0000000089800000, 0x0000000089800000|100%| O|  |TAMS 0x0000000089700000| PB 0x0000000089700000| Untracked |  0
| 152|0x0000000089800000, 0x0000000089800000, 0x0000000089900000|  0%| F|  |TAMS 0x0000000089800000| PB 0x0000000089800000| Untracked |  0
| 153|0x0000000089900000, 0x0000000089a00000, 0x0000000089a00000|100%|HS|  |TAMS 0x0000000089900000| PB 0x0000000089900000| Complete |  0
| 154|0x0000000089a00000, 0x0000000089b00000, 0x0000000089b00000|100%|HC|  |TAMS 0x0000000089a00000| PB 0x0000000089a00000| Complete |  0
| 155|0x0000000089b00000, 0x0000000089c00000, 0x0000000089c00000|100%|HC|  |TAMS 0x0000000089b00000| PB 0x0000000089b00000| Complete |  0
| 156|0x0000000089c00000, 0x0000000089d00000, 0x0000000089d00000|100%| O|  |TAMS 0x0000000089c00000| PB 0x0000000089c00000| Untracked |  0
| 157|0x0000000089d00000, 0x0000000089d00000, 0x0000000089e00000|  0%| F|  |TAMS 0x0000000089d00000| PB 0x0000000089d00000| Untracked |  0
| 158|0x0000000089e00000, 0x0000000089e00000, 0x0000000089f00000|  0%| F|  |TAMS 0x0000000089e00000| PB 0x0000000089e00000| Untracked |  0
| 159|0x0000000089f00000, 0x000000008a000000, 0x000000008a000000|100%| O|  |TAMS 0x0000000089f00000| PB 0x0000000089f00000| Untracked |  0
| 160|0x000000008a000000, 0x000000008a100000, 0x000000008a100000|100%| O|  |TAMS 0x000000008a000000| PB 0x000000008a000000| Untracked |  0
| 161|0x000000008a100000, 0x000000008a200000, 0x000000008a200000|100%| O|  |TAMS 0x000000008a100000| PB 0x000000008a100000| Untracked |  0
| 162|0x000000008a200000, 0x000000008a300000, 0x000000008a300000|100%| O|  |TAMS 0x000000008a200000| PB 0x000000008a200000| Untracked |  0
| 163|0x000000008a300000, 0x000000008a400000, 0x000000008a400000|100%| O|  |TAMS 0x000000008a300000| PB 0x000000008a300000| Untracked |  0
| 164|0x000000008a400000, 0x000000008a400000, 0x000000008a500000|  0%| F|  |TAMS 0x000000008a400000| PB 0x000000008a400000| Untracked |  0
| 165|0x000000008a500000, 0x000000008a500000, 0x000000008a600000|  0%| F|  |TAMS 0x000000008a500000| PB 0x000000008a500000| Untracked |  0
| 166|0x000000008a600000, 0x000000008a600000, 0x000000008a700000|  0%| F|  |TAMS 0x000000008a600000| PB 0x000000008a600000| Untracked |  0
| 167|0x000000008a700000, 0x000000008a700000, 0x000000008a800000|  0%| F|  |TAMS 0x000000008a700000| PB 0x000000008a700000| Untracked |  0
| 168|0x000000008a800000, 0x000000008a800000, 0x000000008a900000|  0%| F|  |TAMS 0x000000008a800000| PB 0x000000008a800000| Untracked |  0
| 169|0x000000008a900000, 0x000000008a900000, 0x000000008aa00000|  0%| F|  |TAMS 0x000000008a900000| PB 0x000000008a900000| Untracked |  0
| 170|0x000000008aa00000, 0x000000008ab00000, 0x000000008ab00000|100%| O|  |TAMS 0x000000008aa00000| PB 0x000000008aa00000| Untracked |  0
| 171|0x000000008ab00000, 0x000000008ab00000, 0x000000008ac00000|  0%| F|  |TAMS 0x000000008ab00000| PB 0x000000008ab00000| Untracked |  0
| 172|0x000000008ac00000, 0x000000008ac00000, 0x000000008ad00000|  0%| F|  |TAMS 0x000000008ac00000| PB 0x000000008ac00000| Untracked |  0
| 173|0x000000008ad00000, 0x000000008ad00000, 0x000000008ae00000|  0%| F|  |TAMS 0x000000008ad00000| PB 0x000000008ad00000| Untracked |  0
| 174|0x000000008ae00000, 0x000000008ae00000, 0x000000008af00000|  0%| F|  |TAMS 0x000000008ae00000| PB 0x000000008ae00000| Untracked |  0
| 175|0x000000008af00000, 0x000000008af00000, 0x000000008b000000|  0%| F|  |TAMS 0x000000008af00000| PB 0x000000008af00000| Untracked |  0
| 176|0x000000008b000000, 0x000000008b000000, 0x000000008b100000|  0%| F|  |TAMS 0x000000008b000000| PB 0x000000008b000000| Untracked |  0
| 177|0x000000008b100000, 0x000000008b100000, 0x000000008b200000|  0%| F|  |TAMS 0x000000008b100000| PB 0x000000008b100000| Untracked |  0
| 178|0x000000008b200000, 0x000000008b300000, 0x000000008b300000|100%| O|  |TAMS 0x000000008b200000| PB 0x000000008b200000| Untracked |  0
| 179|0x000000008b300000, 0x000000008b400000, 0x000000008b400000|100%| O|  |TAMS 0x000000008b300000| PB 0x000000008b300000| Untracked |  0
| 180|0x000000008b400000, 0x000000008b500000, 0x000000008b500000|100%| O|  |TAMS 0x000000008b400000| PB 0x000000008b400000| Untracked |  0
| 181|0x000000008b500000, 0x000000008b600000, 0x000000008b600000|100%| O|  |TAMS 0x000000008b500000| PB 0x000000008b500000| Untracked |  0
| 182|0x000000008b600000, 0x000000008b700000, 0x000000008b700000|100%| O|  |TAMS 0x000000008b600000| PB 0x000000008b600000| Untracked |  0
| 183|0x000000008b700000, 0x000000008b800000, 0x000000008b800000|100%| O|  |TAMS 0x000000008b700000| PB 0x000000008b700000| Untracked |  0
| 184|0x000000008b800000, 0x000000008b900000, 0x000000008b900000|100%| O|  |TAMS 0x000000008b800000| PB 0x000000008b800000| Untracked |  0
| 185|0x000000008b900000, 0x000000008ba00000, 0x000000008ba00000|100%| O|  |TAMS 0x000000008b900000| PB 0x000000008b900000| Untracked |  0
| 186|0x000000008ba00000, 0x000000008bb00000, 0x000000008bb00000|100%| O|  |TAMS 0x000000008ba00000| PB 0x000000008ba00000| Untracked |  0
| 187|0x000000008bb00000, 0x000000008bc00000, 0x000000008bc00000|100%| O|  |TAMS 0x000000008bb00000| PB 0x000000008bb00000| Untracked |  0
| 188|0x000000008bc00000, 0x000000008bd00000, 0x000000008bd00000|100%| O|  |TAMS 0x000000008bc00000| PB 0x000000008bc00000| Untracked |  0
| 189|0x000000008bd00000, 0x000000008be00000, 0x000000008be00000|100%| O|  |TAMS 0x000000008bd00000| PB 0x000000008bd00000| Untracked |  0
| 190|0x000000008be00000, 0x000000008bf00000, 0x000000008bf00000|100%| O|  |TAMS 0x000000008be00000| PB 0x000000008be00000| Untracked |  0
| 191|0x000000008bf00000, 0x000000008c000000, 0x000000008c000000|100%| O|  |TAMS 0x000000008bf00000| PB 0x000000008bf00000| Untracked |  0
| 192|0x000000008c000000, 0x000000008c100000, 0x000000008c100000|100%| O|  |TAMS 0x000000008c000000| PB 0x000000008c000000| Untracked |  0
| 193|0x000000008c100000, 0x000000008c200000, 0x000000008c200000|100%| O|  |TAMS 0x000000008c100000| PB 0x000000008c100000| Untracked |  0
| 194|0x000000008c200000, 0x000000008c300000, 0x000000008c300000|100%| O|  |TAMS 0x000000008c200000| PB 0x000000008c200000| Untracked |  0
| 195|0x000000008c300000, 0x000000008c400000, 0x000000008c400000|100%|HS|  |TAMS 0x000000008c300000| PB 0x000000008c300000| Complete |  0
| 196|0x000000008c400000, 0x000000008c500000, 0x000000008c500000|100%|HS|  |TAMS 0x000000008c400000| PB 0x000000008c400000| Complete |  0
| 197|0x000000008c500000, 0x000000008c600000, 0x000000008c600000|100%| O|  |TAMS 0x000000008c500000| PB 0x000000008c500000| Untracked |  0
| 198|0x000000008c600000, 0x000000008c700000, 0x000000008c700000|100%| O|  |TAMS 0x000000008c600000| PB 0x000000008c600000| Untracked |  0
| 199|0x000000008c700000, 0x000000008c800000, 0x000000008c800000|100%| O|  |TAMS 0x000000008c700000| PB 0x000000008c700000| Untracked |  0
| 200|0x000000008c800000, 0x000000008c900000, 0x000000008c900000|100%| O|  |TAMS 0x000000008c800000| PB 0x000000008c800000| Untracked |  0
| 201|0x000000008c900000, 0x000000008ca00000, 0x000000008ca00000|100%| O|  |TAMS 0x000000008c900000| PB 0x000000008c900000| Untracked |  0
| 202|0x000000008ca00000, 0x000000008cb00000, 0x000000008cb00000|100%| O|  |TAMS 0x000000008ca00000| PB 0x000000008ca00000| Untracked |  0
| 203|0x000000008cb00000, 0x000000008cc00000, 0x000000008cc00000|100%| O|  |TAMS 0x000000008cb00000| PB 0x000000008cb00000| Untracked |  0
| 204|0x000000008cc00000, 0x000000008cd00000, 0x000000008cd00000|100%| O|  |TAMS 0x000000008cc00000| PB 0x000000008cc00000| Untracked |  0
| 205|0x000000008cd00000, 0x000000008ce00000, 0x000000008ce00000|100%| O|  |TAMS 0x000000008cd00000| PB 0x000000008cd00000| Untracked |  0
| 206|0x000000008ce00000, 0x000000008cf00000, 0x000000008cf00000|100%| O|  |TAMS 0x000000008ce00000| PB 0x000000008ce00000| Untracked |  0
| 207|0x000000008cf00000, 0x000000008d000000, 0x000000008d000000|100%| O|  |TAMS 0x000000008cf00000| PB 0x000000008cf00000| Untracked |  0
| 208|0x000000008d000000, 0x000000008d100000, 0x000000008d100000|100%| O|  |TAMS 0x000000008d000000| PB 0x000000008d000000| Untracked |  0
| 209|0x000000008d100000, 0x000000008d200000, 0x000000008d200000|100%| O|  |TAMS 0x000000008d100000| PB 0x000000008d100000| Untracked |  0
| 210|0x000000008d200000, 0x000000008d300000, 0x000000008d300000|100%| O|  |TAMS 0x000000008d200000| PB 0x000000008d200000| Untracked |  0
| 211|0x000000008d300000, 0x000000008d300000, 0x000000008d400000|  0%| F|  |TAMS 0x000000008d300000| PB 0x000000008d300000| Untracked |  0
| 212|0x000000008d400000, 0x000000008d400000, 0x000000008d500000|  0%| F|  |TAMS 0x000000008d400000| PB 0x000000008d400000| Untracked |  0
| 213|0x000000008d500000, 0x000000008d500000, 0x000000008d600000|  0%| F|  |TAMS 0x000000008d500000| PB 0x000000008d500000| Untracked |  0
| 214|0x000000008d600000, 0x000000008d600000, 0x000000008d700000|  0%| F|  |TAMS 0x000000008d600000| PB 0x000000008d600000| Untracked |  0
| 215|0x000000008d700000, 0x000000008d700000, 0x000000008d800000|  0%| F|  |TAMS 0x000000008d700000| PB 0x000000008d700000| Untracked |  0
| 216|0x000000008d800000, 0x000000008d800000, 0x000000008d900000|  0%| F|  |TAMS 0x000000008d800000| PB 0x000000008d800000| Untracked |  0
| 217|0x000000008d900000, 0x000000008d900000, 0x000000008da00000|  0%| F|  |TAMS 0x000000008d900000| PB 0x000000008d900000| Untracked |  0
| 218|0x000000008da00000, 0x000000008da00000, 0x000000008db00000|  0%| F|  |TAMS 0x000000008da00000| PB 0x000000008da00000| Untracked |  0
| 219|0x000000008db00000, 0x000000008db00000, 0x000000008dc00000|  0%| F|  |TAMS 0x000000008db00000| PB 0x000000008db00000| Untracked |  0
| 220|0x000000008dc00000, 0x000000008dc00000, 0x000000008dd00000|  0%| F|  |TAMS 0x000000008dc00000| PB 0x000000008dc00000| Untracked |  0
| 221|0x000000008dd00000, 0x000000008dd00000, 0x000000008de00000|  0%| F|  |TAMS 0x000000008dd00000| PB 0x000000008dd00000| Untracked |  0
| 222|0x000000008de00000, 0x000000008de00000, 0x000000008df00000|  0%| F|  |TAMS 0x000000008de00000| PB 0x000000008de00000| Untracked |  0
| 223|0x000000008df00000, 0x000000008df00000, 0x000000008e000000|  0%| F|  |TAMS 0x000000008df00000| PB 0x000000008df00000| Untracked |  0
| 224|0x000000008e000000, 0x000000008e000000, 0x000000008e100000|  0%| F|  |TAMS 0x000000008e000000| PB 0x000000008e000000| Untracked |  0
| 225|0x000000008e100000, 0x000000008e100000, 0x000000008e200000|  0%| F|  |TAMS 0x000000008e100000| PB 0x000000008e100000| Untracked |  0
| 226|0x000000008e200000, 0x000000008e200000, 0x000000008e300000|  0%| F|  |TAMS 0x000000008e200000| PB 0x000000008e200000| Untracked |  0
| 227|0x000000008e300000, 0x000000008e300000, 0x000000008e400000|  0%| F|  |TAMS 0x000000008e300000| PB 0x000000008e300000| Untracked |  0
| 228|0x000000008e400000, 0x000000008e400000, 0x000000008e500000|  0%| F|  |TAMS 0x000000008e400000| PB 0x000000008e400000| Untracked |  0
| 229|0x000000008e500000, 0x000000008e500000, 0x000000008e600000|  0%| F|  |TAMS 0x000000008e500000| PB 0x000000008e500000| Untracked |  0
| 230|0x000000008e600000, 0x000000008e600000, 0x000000008e700000|  0%| F|  |TAMS 0x000000008e600000| PB 0x000000008e600000| Untracked |  0
| 231|0x000000008e700000, 0x000000008e700000, 0x000000008e800000|  0%| F|  |TAMS 0x000000008e700000| PB 0x000000008e700000| Untracked |  0
| 232|0x000000008e800000, 0x000000008e800000, 0x000000008e900000|  0%| F|  |TAMS 0x000000008e800000| PB 0x000000008e800000| Untracked |  0
| 233|0x000000008e900000, 0x000000008e900000, 0x000000008ea00000|  0%| F|  |TAMS 0x000000008e900000| PB 0x000000008e900000| Untracked |  0
| 234|0x000000008ea00000, 0x000000008ea00000, 0x000000008eb00000|  0%| F|  |TAMS 0x000000008ea00000| PB 0x000000008ea00000| Untracked |  0
| 235|0x000000008eb00000, 0x000000008eb00000, 0x000000008ec00000|  0%| F|  |TAMS 0x000000008eb00000| PB 0x000000008eb00000| Untracked |  0
| 236|0x000000008ec00000, 0x000000008ec00000, 0x000000008ed00000|  0%| F|  |TAMS 0x000000008ec00000| PB 0x000000008ec00000| Untracked |  0
| 237|0x000000008ed00000, 0x000000008ed00000, 0x000000008ee00000|  0%| F|  |TAMS 0x000000008ed00000| PB 0x000000008ed00000| Untracked |  0
| 238|0x000000008ee00000, 0x000000008ee00000, 0x000000008ef00000|  0%| F|  |TAMS 0x000000008ee00000| PB 0x000000008ee00000| Untracked |  0
| 239|0x000000008ef00000, 0x000000008ef00000, 0x000000008f000000|  0%| F|  |TAMS 0x000000008ef00000| PB 0x000000008ef00000| Untracked |  0
| 240|0x000000008f000000, 0x000000008f000000, 0x000000008f100000|  0%| F|  |TAMS 0x000000008f000000| PB 0x000000008f000000| Untracked |  0
| 241|0x000000008f100000, 0x000000008f100000, 0x000000008f200000|  0%| F|  |TAMS 0x000000008f100000| PB 0x000000008f100000| Untracked |  0
| 242|0x000000008f200000, 0x000000008f200000, 0x000000008f300000|  0%| F|  |TAMS 0x000000008f200000| PB 0x000000008f200000| Untracked |  0
| 243|0x000000008f300000, 0x000000008f300000, 0x000000008f400000|  0%| F|  |TAMS 0x000000008f300000| PB 0x000000008f300000| Untracked |  0
| 244|0x000000008f400000, 0x000000008f400000, 0x000000008f500000|  0%| F|  |TAMS 0x000000008f400000| PB 0x000000008f400000| Untracked |  0
| 245|0x000000008f500000, 0x000000008f500000, 0x000000008f600000|  0%| F|  |TAMS 0x000000008f500000| PB 0x000000008f500000| Untracked |  0
| 246|0x000000008f600000, 0x000000008f700000, 0x000000008f700000|100%| S|CS|TAMS 0x000000008f600000| PB 0x000000008f600000| Complete |  0
| 247|0x000000008f700000, 0x000000008f800000, 0x000000008f800000|100%| S|CS|TAMS 0x000000008f700000| PB 0x000000008f700000| Complete |  0
| 248|0x000000008f800000, 0x000000008f900000, 0x000000008f900000|100%| S|CS|TAMS 0x000000008f800000| PB 0x000000008f800000| Complete |  0
| 249|0x000000008f900000, 0x000000008fa00000, 0x000000008fa00000|100%| S|CS|TAMS 0x000000008f900000| PB 0x000000008f900000| Complete |  0
| 250|0x000000008fa00000, 0x000000008fb00000, 0x000000008fb00000|100%| S|CS|TAMS 0x000000008fa00000| PB 0x000000008fa00000| Complete |  0
| 251|0x000000008fb00000, 0x000000008fc00000, 0x000000008fc00000|100%| S|CS|TAMS 0x000000008fb00000| PB 0x000000008fb00000| Complete |  0
| 252|0x000000008fc00000, 0x000000008fd00000, 0x000000008fd00000|100%| S|CS|TAMS 0x000000008fc00000| PB 0x000000008fc00000| Complete |  0
| 253|0x000000008fd00000, 0x000000008fe00000, 0x000000008fe00000|100%| S|CS|TAMS 0x000000008fd00000| PB 0x000000008fd00000| Complete |  0
| 254|0x000000008fe00000, 0x000000008ff00000, 0x000000008ff00000|100%| S|CS|TAMS 0x000000008fe00000| PB 0x000000008fe00000| Complete |  0
| 255|0x000000008ff00000, 0x0000000090000000, 0x0000000090000000|100%| S|CS|TAMS 0x000000008ff00000| PB 0x000000008ff00000| Complete |  0
| 256|0x0000000090000000, 0x0000000090000000, 0x0000000090100000|  0%| F|  |TAMS 0x0000000090000000| PB 0x0000000090000000| Untracked |  0
| 257|0x0000000090100000, 0x0000000090100000, 0x0000000090200000|  0%| F|  |TAMS 0x0000000090100000| PB 0x0000000090100000| Untracked |  0
| 258|0x0000000090200000, 0x0000000090200000, 0x0000000090300000|  0%| F|  |TAMS 0x0000000090200000| PB 0x0000000090200000| Untracked |  0
| 259|0x0000000090300000, 0x0000000090300000, 0x0000000090400000|  0%| F|  |TAMS 0x0000000090300000| PB 0x0000000090300000| Untracked |  0
| 260|0x0000000090400000, 0x0000000090400000, 0x0000000090500000|  0%| F|  |TAMS 0x0000000090400000| PB 0x0000000090400000| Untracked |  0
| 261|0x0000000090500000, 0x0000000090500000, 0x0000000090600000|  0%| F|  |TAMS 0x0000000090500000| PB 0x0000000090500000| Untracked |  0
| 262|0x0000000090600000, 0x0000000090600000, 0x0000000090700000|  0%| F|  |TAMS 0x0000000090600000| PB 0x0000000090600000| Untracked |  0
| 263|0x0000000090700000, 0x0000000090700000, 0x0000000090800000|  0%| F|  |TAMS 0x0000000090700000| PB 0x0000000090700000| Untracked |  0
| 264|0x0000000090800000, 0x0000000090800000, 0x0000000090900000|  0%| F|  |TAMS 0x0000000090800000| PB 0x0000000090800000| Untracked |  0
| 265|0x0000000090900000, 0x0000000090900000, 0x0000000090a00000|  0%| F|  |TAMS 0x0000000090900000| PB 0x0000000090900000| Untracked |  0
| 266|0x0000000090a00000, 0x0000000090a00000, 0x0000000090b00000|  0%| F|  |TAMS 0x0000000090a00000| PB 0x0000000090a00000| Untracked |  0
| 267|0x0000000090b00000, 0x0000000090b00000, 0x0000000090c00000|  0%| F|  |TAMS 0x0000000090b00000| PB 0x0000000090b00000| Untracked |  0
| 268|0x0000000090c00000, 0x0000000090c00000, 0x0000000090d00000|  0%| F|  |TAMS 0x0000000090c00000| PB 0x0000000090c00000| Untracked |  0
| 269|0x0000000090d00000, 0x0000000090d00000, 0x0000000090e00000|  0%| F|  |TAMS 0x0000000090d00000| PB 0x0000000090d00000| Untracked |  0
| 270|0x0000000090e00000, 0x0000000090e00000, 0x0000000090f00000|  0%| F|  |TAMS 0x0000000090e00000| PB 0x0000000090e00000| Untracked |  0
| 271|0x0000000090f00000, 0x0000000090f00000, 0x0000000091000000|  0%| F|  |TAMS 0x0000000090f00000| PB 0x0000000090f00000| Untracked |  0
| 272|0x0000000091000000, 0x0000000091000000, 0x0000000091100000|  0%| F|  |TAMS 0x0000000091000000| PB 0x0000000091000000| Untracked |  0
| 273|0x0000000091100000, 0x0000000091100000, 0x0000000091200000|  0%| F|  |TAMS 0x0000000091100000| PB 0x0000000091100000| Untracked |  0
| 274|0x0000000091200000, 0x0000000091200000, 0x0000000091300000|  0%| F|  |TAMS 0x0000000091200000| PB 0x0000000091200000| Untracked |  0
| 275|0x0000000091300000, 0x0000000091300000, 0x0000000091400000|  0%| F|  |TAMS 0x0000000091300000| PB 0x0000000091300000| Untracked |  0
| 276|0x0000000091400000, 0x0000000091400000, 0x0000000091500000|  0%| F|  |TAMS 0x0000000091400000| PB 0x0000000091400000| Untracked |  0
| 277|0x0000000091500000, 0x0000000091500000, 0x0000000091600000|  0%| F|  |TAMS 0x0000000091500000| PB 0x0000000091500000| Untracked |  0
| 278|0x0000000091600000, 0x0000000091600000, 0x0000000091700000|  0%| F|  |TAMS 0x0000000091600000| PB 0x0000000091600000| Untracked |  0
| 279|0x0000000091700000, 0x0000000091700000, 0x0000000091800000|  0%| F|  |TAMS 0x0000000091700000| PB 0x0000000091700000| Untracked |  0
| 280|0x0000000091800000, 0x0000000091800000, 0x0000000091900000|  0%| F|  |TAMS 0x0000000091800000| PB 0x0000000091800000| Untracked |  0
| 281|0x0000000091900000, 0x0000000091900000, 0x0000000091a00000|  0%| F|  |TAMS 0x0000000091900000| PB 0x0000000091900000| Untracked |  0
| 282|0x0000000091a00000, 0x0000000091a00000, 0x0000000091b00000|  0%| F|  |TAMS 0x0000000091a00000| PB 0x0000000091a00000| Untracked |  0
| 283|0x0000000091b00000, 0x0000000091b00000, 0x0000000091c00000|  0%| F|  |TAMS 0x0000000091b00000| PB 0x0000000091b00000| Untracked |  0
| 284|0x0000000091c00000, 0x0000000091c00000, 0x0000000091d00000|  0%| F|  |TAMS 0x0000000091c00000| PB 0x0000000091c00000| Untracked |  0
| 285|0x0000000091d00000, 0x0000000091d00000, 0x0000000091e00000|  0%| F|  |TAMS 0x0000000091d00000| PB 0x0000000091d00000| Untracked |  0
| 286|0x0000000091e00000, 0x0000000091e00000, 0x0000000091f00000|  0%| F|  |TAMS 0x0000000091e00000| PB 0x0000000091e00000| Untracked |  0
| 287|0x0000000091f00000, 0x0000000091f00000, 0x0000000092000000|  0%| F|  |TAMS 0x0000000091f00000| PB 0x0000000091f00000| Untracked |  0
| 288|0x0000000092000000, 0x0000000092000000, 0x0000000092100000|  0%| F|  |TAMS 0x0000000092000000| PB 0x0000000092000000| Untracked |  0
| 289|0x0000000092100000, 0x0000000092100000, 0x0000000092200000|  0%| F|  |TAMS 0x0000000092100000| PB 0x0000000092100000| Untracked |  0
| 290|0x0000000092200000, 0x0000000092200000, 0x0000000092300000|  0%| F|  |TAMS 0x0000000092200000| PB 0x0000000092200000| Untracked |  0
| 291|0x0000000092300000, 0x0000000092300000, 0x0000000092400000|  0%| F|  |TAMS 0x0000000092300000| PB 0x0000000092300000| Untracked |  0
| 292|0x0000000092400000, 0x0000000092400000, 0x0000000092500000|  0%| F|  |TAMS 0x0000000092400000| PB 0x0000000092400000| Untracked |  0
| 293|0x0000000092500000, 0x0000000092500000, 0x0000000092600000|  0%| F|  |TAMS 0x0000000092500000| PB 0x0000000092500000| Untracked |  0
| 294|0x0000000092600000, 0x0000000092600000, 0x0000000092700000|  0%| F|  |TAMS 0x0000000092600000| PB 0x0000000092600000| Untracked |  0
| 295|0x0000000092700000, 0x0000000092700000, 0x0000000092800000|  0%| F|  |TAMS 0x0000000092700000| PB 0x0000000092700000| Untracked |  0
| 296|0x0000000092800000, 0x0000000092800000, 0x0000000092900000|  0%| F|  |TAMS 0x0000000092800000| PB 0x0000000092800000| Untracked |  0
| 297|0x0000000092900000, 0x0000000092900000, 0x0000000092a00000|  0%| F|  |TAMS 0x0000000092900000| PB 0x0000000092900000| Untracked |  0
| 298|0x0000000092a00000, 0x0000000092a00000, 0x0000000092b00000|  0%| F|  |TAMS 0x0000000092a00000| PB 0x0000000092a00000| Untracked |  0
| 299|0x0000000092b00000, 0x0000000092b00000, 0x0000000092c00000|  0%| F|  |TAMS 0x0000000092b00000| PB 0x0000000092b00000| Untracked |  0
| 300|0x0000000092c00000, 0x0000000092c00000, 0x0000000092d00000|  0%| F|  |TAMS 0x0000000092c00000| PB 0x0000000092c00000| Untracked |  0
| 301|0x0000000092d00000, 0x0000000092d00000, 0x0000000092e00000|  0%| F|  |TAMS 0x0000000092d00000| PB 0x0000000092d00000| Untracked |  0
| 302|0x0000000092e00000, 0x0000000092e00000, 0x0000000092f00000|  0%| F|  |TAMS 0x0000000092e00000| PB 0x0000000092e00000| Untracked |  0
| 303|0x0000000092f00000, 0x0000000092f00000, 0x0000000093000000|  0%| F|  |TAMS 0x0000000092f00000| PB 0x0000000092f00000| Untracked |  0
| 304|0x0000000093000000, 0x0000000093000000, 0x0000000093100000|  0%| F|  |TAMS 0x0000000093000000| PB 0x0000000093000000| Untracked |  0
| 305|0x0000000093100000, 0x0000000093100000, 0x0000000093200000|  0%| F|  |TAMS 0x0000000093100000| PB 0x0000000093100000| Untracked |  0
| 306|0x0000000093200000, 0x0000000093200000, 0x0000000093300000|  0%| F|  |TAMS 0x0000000093200000| PB 0x0000000093200000| Untracked |  0
| 307|0x0000000093300000, 0x0000000093300000, 0x0000000093400000|  0%| F|  |TAMS 0x0000000093300000| PB 0x0000000093300000| Untracked |  0
| 308|0x0000000093400000, 0x0000000093400000, 0x0000000093500000|  0%| F|  |TAMS 0x0000000093400000| PB 0x0000000093400000| Untracked |  0
| 309|0x0000000093500000, 0x0000000093500000, 0x0000000093600000|  0%| F|  |TAMS 0x0000000093500000| PB 0x0000000093500000| Untracked |  0
| 310|0x0000000093600000, 0x0000000093600000, 0x0000000093700000|  0%| F|  |TAMS 0x0000000093600000| PB 0x0000000093600000| Untracked |  0
|2019|0x00000000fe300000, 0x00000000fe400000, 0x00000000fe400000|100%| O|  |TAMS 0x00000000fe300000| PB 0x00000000fe300000| Untracked |  0
|2020|0x00000000fe400000, 0x00000000fe400000, 0x00000000fe500000|  0%| F|  |TAMS 0x00000000fe400000| PB 0x00000000fe400000| Untracked |  0
|2021|0x00000000fe500000, 0x00000000fe500000, 0x00000000fe600000|  0%| F|  |TAMS 0x00000000fe500000| PB 0x00000000fe500000| Untracked |  0
|2022|0x00000000fe600000, 0x00000000fe600000, 0x00000000fe700000|  0%| F|  |TAMS 0x00000000fe600000| PB 0x00000000fe600000| Untracked |  0
|2023|0x00000000fe700000, 0x00000000fe700000, 0x00000000fe800000|  0%| F|  |TAMS 0x00000000fe700000| PB 0x00000000fe700000| Untracked |  0
|2024|0x00000000fe800000, 0x00000000fe800000, 0x00000000fe900000|  0%| F|  |TAMS 0x00000000fe800000| PB 0x00000000fe800000| Untracked |  0
|2025|0x00000000fe900000, 0x00000000fe900000, 0x00000000fea00000|  0%| F|  |TAMS 0x00000000fe900000| PB 0x00000000fe900000| Untracked |  0
|2026|0x00000000fea00000, 0x00000000fea00000, 0x00000000feb00000|  0%| F|  |TAMS 0x00000000fea00000| PB 0x00000000fea00000| Untracked |  0
|2027|0x00000000feb00000, 0x00000000feb00000, 0x00000000fec00000|  0%| F|  |TAMS 0x00000000feb00000| PB 0x00000000feb00000| Untracked |  0
|2028|0x00000000fec00000, 0x00000000fec00000, 0x00000000fed00000|  0%| F|  |TAMS 0x00000000fec00000| PB 0x00000000fec00000| Untracked |  0
|2029|0x00000000fed00000, 0x00000000fed00000, 0x00000000fee00000|  0%| F|  |TAMS 0x00000000fed00000| PB 0x00000000fed00000| Untracked |  0
|2030|0x00000000fee00000, 0x00000000fee00000, 0x00000000fef00000|  0%| F|  |TAMS 0x00000000fee00000| PB 0x00000000fee00000| Untracked |  0
|2031|0x00000000fef00000, 0x00000000fef00000, 0x00000000ff000000|  0%| F|  |TAMS 0x00000000fef00000| PB 0x00000000fef00000| Untracked |  0
|2032|0x00000000ff000000, 0x00000000ff000000, 0x00000000ff100000|  0%| F|  |TAMS 0x00000000ff000000| PB 0x00000000ff000000| Untracked |  0
|2033|0x00000000ff100000, 0x00000000ff100000, 0x00000000ff200000|  0%| F|  |TAMS 0x00000000ff100000| PB 0x00000000ff100000| Untracked |  0
|2034|0x00000000ff200000, 0x00000000ff200000, 0x00000000ff300000|  0%| F|  |TAMS 0x00000000ff200000| PB 0x00000000ff200000| Untracked |  0
|2035|0x00000000ff300000, 0x00000000ff300000, 0x00000000ff400000|  0%| F|  |TAMS 0x00000000ff300000| PB 0x00000000ff300000| Untracked |  0
|2036|0x00000000ff400000, 0x00000000ff500000, 0x00000000ff500000|100%| O|  |TAMS 0x00000000ff400000| PB 0x00000000ff400000| Untracked |  0
|2037|0x00000000ff500000, 0x00000000ff500000, 0x00000000ff600000|  0%| F|  |TAMS 0x00000000ff500000| PB 0x00000000ff500000| Untracked |  0
|2038|0x00000000ff600000, 0x00000000ff600000, 0x00000000ff700000|  0%| F|  |TAMS 0x00000000ff600000| PB 0x00000000ff600000| Untracked |  0
|2039|0x00000000ff700000, 0x00000000ff700000, 0x00000000ff800000|  0%| F|  |TAMS 0x00000000ff700000| PB 0x00000000ff700000| Untracked |  0
|2040|0x00000000ff800000, 0x00000000ff900000, 0x00000000ff900000|100%| O|  |TAMS 0x00000000ff800000| PB 0x00000000ff800000| Untracked |  0
|2041|0x00000000ff900000, 0x00000000ff900000, 0x00000000ffa00000|  0%| F|  |TAMS 0x00000000ff900000| PB 0x00000000ff900000| Untracked |  0
|2042|0x00000000ffa00000, 0x00000000ffb00000, 0x00000000ffb00000|100%| O|  |TAMS 0x00000000ffa00000| PB 0x00000000ffa00000| Untracked |  0
|2043|0x00000000ffb00000, 0x00000000ffc00000, 0x00000000ffc00000|100%| O|  |TAMS 0x00000000ffb00000| PB 0x00000000ffb00000| Untracked |  0
|2044|0x00000000ffc00000, 0x00000000ffd00000, 0x00000000ffd00000|100%| O|  |TAMS 0x00000000ffc00000| PB 0x00000000ffc00000| Untracked |  0
|2045|0x00000000ffd00000, 0x00000000ffe00000, 0x00000000ffe00000|100%| O|  |TAMS 0x00000000ffd00000| PB 0x00000000ffd00000| Untracked |  0
|2046|0x00000000ffe00000, 0x00000000fff00000, 0x00000000fff00000|100%| O|  |TAMS 0x00000000ffe00000| PB 0x00000000ffe00000| Untracked |  0
|2047|0x00000000fff00000, 0x00000000fff00000, 0x0000000100000000|  0%| F|  |TAMS 0x00000000fff00000| PB 0x00000000fff00000| Untracked |  0

Card table byte_map: [0x0000018bb5ec0000,0x0000018bb62c0000] _byte_map_base: 0x0000018bb5ac0000

Marking Bits: (CMBitMap*) 0x0000018b9dbaa630
 Bits: [0x0000018bb62c0000, 0x0000018bb82c0000)

Polling page: 0x0000018b9d320000

Metaspace:
Metaspace        used 205133K, committed 207808K, reserved 1245184K
 class space     used 27753K, committed 29056K, reserved 1048576K

Usage:
  Non-class:    173.22 MB used.
      Class:     27.10 MB used.
       Both:    200.33 MB used.

Virtual space:
  Non-class space:      192.00 MB reserved,     174.56 MB ( 91%) committed,  3 nodes.
      Class space:        1.00 GB reserved,      28.38 MB (  3%) committed,  1 nodes.
             Both:        1.19 GB reserved,     202.94 MB ( 17%) committed. 

Chunk freelists:
   Non-Class:  1.33 MB
       Class:  3.55 MB
        Both:  4.88 MB

MaxMetaspaceSize: unlimited
CompressedClassSpaceSize: 1.00 GB
Initial GC threshold: 21.00 MB
Current GC threshold: 314.69 MB
CDS: on
 - commit_granule_bytes: 65536.
 - commit_granule_words: 8192.
 - virtual_space_node_default_size: 8388608.
 - enlarge_chunks_in_place: 1.
UseCompressedClassPointers 1, UseCompactObjectHeaders 0
Narrow klass pointer bits 32, Max shift 3
Narrow klass base: 0x0000000025000000, Narrow klass shift: 0
Encoding Range: [0x0000000025000000 - 0x0000000125000000), (4294967296 bytes)
Klass Range:    [0x0000000025010000 - 0x0000000066000000), (1090453504 bytes)
Klass ID Range:  [65536 - 1090519033) (1090453497)
Protection zone: [0x0000000025000000 - 0x0000000025010000), (65536 bytes)


Internal statistics:

num_allocs_failed_limit: 6.
num_arena_births: 4640.
num_arena_deaths: 2.
num_vsnodes_births: 4.
num_vsnodes_deaths: 0.
num_space_committed: 3259.
num_space_uncommitted: 11.
num_chunks_returned_to_freelist: 94.
num_chunks_taken_from_freelist: 12929.
num_chunk_merges: 27.
num_chunk_splits: 9265.
num_chunks_enlarged: 6869.
num_inconsistent_stats: 0.

CodeHeap 'non-profiled nmethods': size=120064Kb used=10046Kb max_used=10046Kb free=110017Kb
 bounds [0x0000018bae130000, 0x0000018baeb00000, 0x0000018bb5670000]
CodeHeap 'profiled nmethods': size=120064Kb used=33808Kb max_used=33808Kb free=86255Kb
 bounds [0x0000018ba6650000, 0x0000018ba8760000, 0x0000018badb90000]
CodeHeap 'non-nmethods': size=5760Kb used=2371Kb max_used=2451Kb free=3388Kb
 bounds [0x0000018badb90000, 0x0000018bade10000, 0x0000018bae130000]
CodeCache: size=245888Kb, used=46225Kb, max_used=46305Kb, free=199660Kb
 total_blobs=22529, nmethods=21331, adapters=1099, full_count=0
Compilation: enabled, stopped_count=0, restarted_count=0

Compilation events (20 events):
Event: 118.271 Thread 0x0000018bbad23df0 nmethod 27132 0x0000018ba8747b08 code [0x0000018ba8747c00, 0x0000018ba8748518]
Event: 118.272 Thread 0x0000018bbad23df0 27129       3       org.jetbrains.kotlin.fir.FirFunctionTarget::set_labeledElement (9 bytes)
Event: 118.272 Thread 0x0000018bbad23df0 nmethod 27129 0x0000018ba8748588 code [0x0000018ba8748680, 0x0000018ba8748f50]
Event: 118.272 Thread 0x0000018bbad23df0 27130       3       org.jetbrains.kotlin.fir.FirFunctionTarget::set_labeledElement (15 bytes)
Event: 118.272 Thread 0x0000018bc4d18c30 nmethod 27082 0x0000018baeaff288 code [0x0000018baeaff380, 0x0000018baeaff600]
Event: 118.272 Thread 0x0000018bc4d18c30 27118       4       org.jetbrains.kotlin.parsing.SemanticWhitespaceAwarePsiBuilderImpl::restoreJoiningComplexTokensState (9 bytes)
Event: 118.273 Thread 0x0000018bbad23df0 nmethod 27130 0x0000018ba8748f88 code [0x0000018ba8749080, 0x0000018ba8749798]
Event: 118.273 Thread 0x0000018bbad23df0 27126       3       org.jetbrains.kotlin.fir.expressions.FirJump::<init> (5 bytes)
Event: 118.273 Thread 0x0000018bbad23df0 nmethod 27126 0x0000018ba8749808 code [0x0000018ba8749900, 0x0000018ba8749b80]
Event: 118.273 Thread 0x0000018bbad23df0 27127       3       org.jetbrains.kotlin.fir.expressions.FirJump::<init> (5 bytes)
Event: 118.273 Thread 0x0000018bbad23df0 nmethod 27127 0x0000018ba8749c08 code [0x0000018ba8749d00, 0x0000018ba8749f20]
Event: 118.273 Thread 0x0000018bbad23df0 27133   !   3       org.jetbrains.kotlin.fir.lightTree.converter.LightTreeRawFirDeclarationBuilder::addContextParameters (665 bytes)
Event: 118.274 Thread 0x0000018bc4d18c30 nmethod 27118 0x0000018baeaff688 code [0x0000018baeaff780, 0x0000018baeaff968]
Event: 118.274 Thread 0x0000018bc4d18c30 27119       4       org.jetbrains.kotlin.parsing.KotlinExpressionParsing::parsePrefixExpression (144 bytes)
Event: 118.282 Thread 0x0000018bbad23df0 nmethod 27133 0x0000018ba8749f88 code [0x0000018ba874a080, 0x0000018ba87529b0]
Event: 118.282 Thread 0x0000018bbad23df0 27134       3       org.jetbrains.kotlin.fir.declarations.builder.FirReceiverParameterBuilder::getSymbol (17 bytes)
Event: 118.283 Thread 0x0000018bbad23df0 nmethod 27134 0x0000018ba8752a88 code [0x0000018ba8752b80, 0x0000018ba8753848]
Event: 118.283 Thread 0x0000018bbad23df0 27135       3       org.jetbrains.kotlin.fir.declarations.builder.FirReceiverParameterBuilder::<init> (37 bytes)
Event: 118.284 Thread 0x0000018bbad23df0 nmethod 27135 0x0000018ba8753888 code [0x0000018ba8753980, 0x0000018ba87541c0]
Event: 118.284 Thread 0x0000018bbad23df0 27136       3       org.jetbrains.kotlin.fir.declarations.builder.FirReceiverParameterBuilder::setTypeRef (12 bytes)

GC Heap Usage History (20 events):
Event: 86.990 {heap After GC invocations=66 (full 0):
 garbage-first heap   total reserved 2097152K, committed 266240K, used 158584K [0x0000000080000000, 0x0000000100000000)
  region size 1024K, 12 young (12288K), 12 survivors (12288K)
}
Event: 88.992 {heap Before GC invocations=66 (full 0):
 garbage-first heap   total reserved 2097152K, committed 266240K, used 238456K [0x0000000080000000, 0x0000000100000000)
  region size 1024K, 89 young (91136K), 12 survivors (12288K)
}
Event: 89.020 {heap After GC invocations=67 (full 0):
 garbage-first heap   total reserved 2097152K, committed 266240K, used 162732K [0x0000000080000000, 0x0000000100000000)
  region size 1024K, 7 young (7168K), 7 survivors (7168K)
}
Event: 89.037 {heap Before GC invocations=67 (full 0):
 garbage-first heap   total reserved 2097152K, committed 266240K, used 162732K [0x0000000080000000, 0x0000000100000000)
  region size 1024K, 8 young (8192K), 7 survivors (7168K)
}
Event: 89.053 {heap After GC invocations=68 (full 0):
 garbage-first heap   total reserved 2097152K, committed 266240K, used 161938K [0x0000000080000000, 0x0000000100000000)
  region size 1024K, 6 young (6144K), 6 survivors (6144K)
}
Event: 93.350 {heap Before GC invocations=69 (full 0):
 garbage-first heap   total reserved 2097152K, committed 275456K, used 242834K [0x0000000080000000, 0x0000000100000000)
  region size 1024K, 84 young (86016K), 6 survivors (6144K)
}
Event: 93.389 {heap After GC invocations=70 (full 0):
 garbage-first heap   total reserved 2097152K, committed 275456K, used 167862K [0x0000000080000000, 0x0000000100000000)
  region size 1024K, 11 young (11264K), 11 survivors (11264K)
}
Event: 98.639 {heap Before GC invocations=70 (full 0):
 garbage-first heap   total reserved 2097152K, committed 275456K, used 253878K [0x0000000080000000, 0x0000000100000000)
  region size 1024K, 92 young (94208K), 11 survivors (11264K)
}
Event: 98.878 {heap After GC invocations=71 (full 0):
 garbage-first heap   total reserved 2097152K, committed 285696K, used 185641K [0x0000000080000000, 0x0000000100000000)
  region size 1024K, 12 young (12288K), 12 survivors (12288K)
}
Event: 102.999 {heap Before GC invocations=71 (full 0):
 garbage-first heap   total reserved 2097152K, committed 285696K, used 254249K [0x0000000080000000, 0x0000000100000000)
  region size 1024K, 80 young (81920K), 12 survivors (12288K)
}
Event: 103.104 {heap After GC invocations=72 (full 0):
 garbage-first heap   total reserved 2097152K, committed 285696K, used 196349K [0x0000000080000000, 0x0000000100000000)
  region size 1024K, 10 young (10240K), 10 survivors (10240K)
}
Event: 108.276 {heap Before GC invocations=73 (full 0):
 garbage-first heap   total reserved 2097152K, committed 327680K, used 260861K [0x0000000080000000, 0x0000000100000000)
  region size 1024K, 71 young (72704K), 10 survivors (10240K)
}
Event: 108.304 {heap After GC invocations=74 (full 0):
 garbage-first heap   total reserved 2097152K, committed 327680K, used 203046K [0x0000000080000000, 0x0000000100000000)
  region size 1024K, 6 young (6144K), 6 survivors (6144K)
}
Event: 111.928 {heap Before GC invocations=74 (full 0):
 garbage-first heap   total reserved 2097152K, committed 327680K, used 292134K [0x0000000080000000, 0x0000000100000000)
  region size 1024K, 92 young (94208K), 6 survivors (6144K)
}
Event: 111.965 {heap After GC invocations=75 (full 0):
 garbage-first heap   total reserved 2097152K, committed 327680K, used 214252K [0x0000000080000000, 0x0000000100000000)
  region size 1024K, 12 young (12288K), 12 survivors (12288K)
}
Event: 111.973 {heap Before GC invocations=75 (full 0):
 garbage-first heap   total reserved 2097152K, committed 327680K, used 215276K [0x0000000080000000, 0x0000000100000000)
  region size 1024K, 14 young (14336K), 12 survivors (12288K)
}
Event: 111.999 {heap After GC invocations=76 (full 0):
 garbage-first heap   total reserved 2097152K, committed 327680K, used 217276K [0x0000000080000000, 0x0000000100000000)
  region size 1024K, 2 young (2048K), 2 survivors (2048K)
}
Event: 116.347 {heap Before GC invocations=77 (full 0):
 garbage-first heap   total reserved 2097152K, committed 348160K, used 261308K [0x0000000080000000, 0x0000000100000000)
  region size 1024K, 55 young (56320K), 2 survivors (2048K)
}
Event: 116.376 {heap After GC invocations=78 (full 0):
 garbage-first heap   total reserved 2097152K, committed 348160K, used 215589K [0x0000000080000000, 0x0000000100000000)
  region size 1024K, 7 young (7168K), 7 survivors (7168K)
}
Event: 118.284 {heap Before GC invocations=78 (full 0):
 garbage-first heap   total reserved 2097152K, committed 348160K, used 286245K [0x0000000080000000, 0x0000000100000000)
  region size 1024K, 76 young (77824K), 7 survivors (7168K)
}

Metaspace Usage History (20 events):
Event: 86.991 {metaspace After GC invocations=66 (full 0):
 Metaspace       used 139961K, committed 142464K, reserved 1179648K
  class space    used 19814K, committed 20992K, reserved 1048576K
}
Event: 88.992 {metaspace Before GC invocations=66 (full 0):
 Metaspace       used 146677K, committed 149120K, reserved 1179648K
  class space    used 20590K, committed 21760K, reserved 1048576K
}
Event: 89.020 {metaspace After GC invocations=67 (full 0):
 Metaspace       used 146677K, committed 149120K, reserved 1179648K
  class space    used 20590K, committed 21760K, reserved 1048576K
}
Event: 89.039 {metaspace Before GC invocations=67 (full 0):
 Metaspace       used 146708K, committed 149184K, reserved 1179648K
  class space    used 20594K, committed 21760K, reserved 1048576K
}
Event: 89.053 {metaspace After GC invocations=68 (full 0):
 Metaspace       used 146708K, committed 149184K, reserved 1179648K
  class space    used 20594K, committed 21760K, reserved 1048576K
}
Event: 93.350 {metaspace Before GC invocations=69 (full 0):
 Metaspace       used 158153K, committed 160640K, reserved 1245184K
  class space    used 21832K, committed 23040K, reserved 1048576K
}
Event: 93.389 {metaspace After GC invocations=70 (full 0):
 Metaspace       used 158153K, committed 160640K, reserved 1245184K
  class space    used 21832K, committed 23040K, reserved 1048576K
}
Event: 98.639 {metaspace Before GC invocations=70 (full 0):
 Metaspace       used 165497K, committed 168128K, reserved 1245184K
  class space    used 22724K, committed 24000K, reserved 1048576K
}
Event: 98.878 {metaspace After GC invocations=71 (full 0):
 Metaspace       used 165497K, committed 168128K, reserved 1245184K
  class space    used 22724K, committed 24000K, reserved 1048576K
}
Event: 102.999 {metaspace Before GC invocations=71 (full 0):
 Metaspace       used 173246K, committed 175808K, reserved 1245184K
  class space    used 23562K, committed 24832K, reserved 1048576K
}
Event: 103.104 {metaspace After GC invocations=72 (full 0):
 Metaspace       used 173246K, committed 175808K, reserved 1245184K
  class space    used 23562K, committed 24832K, reserved 1048576K
}
Event: 108.276 {metaspace Before GC invocations=73 (full 0):
 Metaspace       used 176519K, committed 179136K, reserved 1245184K
  class space    used 23912K, committed 25152K, reserved 1048576K
}
Event: 108.304 {metaspace After GC invocations=74 (full 0):
 Metaspace       used 176519K, committed 179136K, reserved 1245184K
  class space    used 23912K, committed 25152K, reserved 1048576K
}
Event: 111.928 {metaspace Before GC invocations=74 (full 0):
 Metaspace       used 190021K, committed 192640K, reserved 1245184K
  class space    used 25583K, committed 26880K, reserved 1048576K
}
Event: 111.965 {metaspace After GC invocations=75 (full 0):
 Metaspace       used 190021K, committed 192640K, reserved 1245184K
  class space    used 25583K, committed 26880K, reserved 1048576K
}
Event: 111.973 {metaspace Before GC invocations=75 (full 0):
 Metaspace       used 190021K, committed 192640K, reserved 1245184K
  class space    used 25583K, committed 26880K, reserved 1048576K
}
Event: 111.999 {metaspace After GC invocations=76 (full 0):
 Metaspace       used 190021K, committed 192640K, reserved 1245184K
  class space    used 25583K, committed 26880K, reserved 1048576K
}
Event: 116.347 {metaspace Before GC invocations=77 (full 0):
 Metaspace       used 196166K, committed 198848K, reserved 1245184K
  class space    used 26870K, committed 28160K, reserved 1048576K
}
Event: 116.376 {metaspace After GC invocations=78 (full 0):
 Metaspace       used 196166K, committed 198848K, reserved 1245184K
  class space    used 26870K, committed 28160K, reserved 1048576K
}
Event: 118.284 {metaspace Before GC invocations=78 (full 0):
 Metaspace       used 205133K, committed 207808K, reserved 1245184K
  class space    used 27753K, committed 29056K, reserved 1048576K
}

Dll operation events (17 events):
Event: 0.029 Loaded shared library C:\Program Files\Eclipse Adoptium\jdk-25.0.3.9-hotspot\bin\java.dll
Event: 0.207 Loaded shared library C:\Program Files\Eclipse Adoptium\jdk-25.0.3.9-hotspot\bin\zip.dll
Event: 0.214 Loaded shared library C:\Program Files\Eclipse Adoptium\jdk-25.0.3.9-hotspot\bin\instrument.dll
Event: 0.222 Loaded shared library C:\Program Files\Eclipse Adoptium\jdk-25.0.3.9-hotspot\bin\net.dll
Event: 0.227 Loaded shared library C:\Program Files\Eclipse Adoptium\jdk-25.0.3.9-hotspot\bin\nio.dll
Event: 0.231 Loaded shared library C:\Program Files\Eclipse Adoptium\jdk-25.0.3.9-hotspot\bin\zip.dll
Event: 0.820 Loaded shared library C:\Program Files\Eclipse Adoptium\jdk-25.0.3.9-hotspot\bin\jimage.dll
Event: 1.243 Loaded shared library C:\Program Files\Eclipse Adoptium\jdk-25.0.3.9-hotspot\bin\verify.dll
Event: 1.299 Loaded shared library C:\Users\padi kering\.gradle\native\1def1411415f61bf3af743bc5b6707747c0891f09f0c88961ee8f79bc544acac\windows-amd64\native-platform.dll
Event: 1.335 Loaded shared library C:\Users\padi kering\.gradle\native\0.2.8\x86_64-windows-gnu\gradle-fileevents.dll
Event: 3.925 Loaded shared library C:\Program Files\Eclipse Adoptium\jdk-25.0.3.9-hotspot\bin\management.dll
Event: 3.929 Loaded shared library C:\Program Files\Eclipse Adoptium\jdk-25.0.3.9-hotspot\bin\management_ext.dll
Event: 4.353 Loaded shared library C:\Program Files\Eclipse Adoptium\jdk-25.0.3.9-hotspot\bin\extnet.dll
Event: 5.065 Loaded shared library C:\Program Files\Eclipse Adoptium\jdk-25.0.3.9-hotspot\bin\sunmscapi.dll
Event: 80.841 Loaded shared library C:\Program Files\Eclipse Adoptium\jdk-25.0.3.9-hotspot\bin\awt.dll
Event: 102.750 Loaded shared library C:\Users\padi kering\AppData\Local\Temp\sqlite-3.41.2.2-251f1280-c145-4e92-8fc7-7f5aac3e5f26-sqlitejdbc.dll
Event: 114.288 Unloaded dll "C:\Users\padi kering\AppData\Local\Temp\sqlite-3.41.2.2-251f1280-c145-4e92-8fc7-7f5aac3e5f26-sqlitejdbc.dll" [0x00007ffee64b0000]

Deoptimization events (20 events):
Event: 118.168 Thread 0x0000018bcb14c290 DEOPT PACKING pc=0x0000018baeae9c08 sp=0x00000046f20fa8e0
Event: 118.168 Thread 0x0000018bcb14c290 DEOPT UNPACKING pc=0x0000018badcae282 sp=0x00000046f20fa898 mode 2
Event: 118.182 Thread 0x0000018bcb14c290 DEOPT PACKING pc=0x0000018ba83f76fc sp=0x00000046f20fe4f0
Event: 118.182 Thread 0x0000018bcb14c290 DEOPT UNPACKING pc=0x0000018badbe1702 sp=0x00000046f20fda28 mode 0
Event: 118.182 Thread 0x0000018bcb14c290 Uncommon trap: trap_request=0xffffff45 fr.pc=0x0000018baeabe5f0 relative=0x0000000000000870
Event: 118.182 Thread 0x0000018bcb14c290 Uncommon trap: reason=unstable_if action=reinterpret pc=0x0000018baeabe5f0 method=org.jetbrains.kotlin.KtSourceFileLinesMappingKt.readSourceFileWithMapping(Ljava/io/InputStreamReader;)Lkotlin/Pair; @ 67 c2
Event: 118.182 Thread 0x0000018bcb14c290 DEOPT PACKING pc=0x0000018baeabe5f0 sp=0x00000046f20fe560
Event: 118.182 Thread 0x0000018bcb14c290 DEOPT UNPACKING pc=0x0000018badcae282 sp=0x00000046f20fe530 mode 2
Event: 118.184 Thread 0x0000018bcb14c290 Uncommon trap: trap_request=0xffffffc6 fr.pc=0x0000018baeaadad8 relative=0x0000000000001c58
Event: 118.184 Thread 0x0000018bcb14c290 Uncommon trap: reason=bimorphic_or_optimized_type_check action=maybe_recompile pc=0x0000018baeaadad8 method=org.jetbrains.kotlin.parsing.KotlinExpressionParsing.parseBinaryExpression(Lorg/jetbrains/kotlin/parsing/KotlinExpressionParsing$Precedence;)V @ 40
Event: 118.184 Thread 0x0000018bcb14c290 DEOPT PACKING pc=0x0000018baeaadad8 sp=0x00000046f20fd930
Event: 118.184 Thread 0x0000018bcb14c290 DEOPT UNPACKING pc=0x0000018badcae282 sp=0x00000046f20fd808 mode 2
Event: 118.191 Thread 0x0000018bcb14c290 Uncommon trap: trap_request=0xffffff45 fr.pc=0x0000018baeae9238 relative=0x0000000000001638
Event: 118.191 Thread 0x0000018bcb14c290 Uncommon trap: reason=unstable_if action=reinterpret pc=0x0000018baeae9238 method=org.jetbrains.kotlin.fir.lightTree.converter.LightTreeRawFirExpressionBuilder.convertExpression(Lorg/jetbrains/kotlin/com/intellij/lang/LighterASTNode;Ljava/lang/String;)Lor
Event: 118.191 Thread 0x0000018bcb14c290 DEOPT PACKING pc=0x0000018baeae9238 sp=0x00000046f20fd6a0
Event: 118.191 Thread 0x0000018bcb14c290 DEOPT UNPACKING pc=0x0000018badcae282 sp=0x00000046f20fd640 mode 2
Event: 118.205 Thread 0x0000018bcb14c290 Uncommon trap: trap_request=0xffffffde fr.pc=0x0000018baeaa4684 relative=0x0000000000000c84
Event: 118.205 Thread 0x0000018bcb14c290 Uncommon trap: reason=class_check action=maybe_recompile pc=0x0000018baeaa4684 method=org.jetbrains.kotlin.parsing.AbstractKotlinParsing.at(Lorg/jetbrains/kotlin/com/intellij/psi/tree/IElementType;)Z @ 30 c2
Event: 118.205 Thread 0x0000018bcb14c290 DEOPT PACKING pc=0x0000018baeaa4684 sp=0x00000046f20f4b70
Event: 118.205 Thread 0x0000018bcb14c290 DEOPT UNPACKING pc=0x0000018badcae282 sp=0x00000046f20f4b20 mode 2

Classes loaded (20 events):
Event: 103.161 Loading class sun/nio/fs/WindowsSecurity
Event: 103.163 Loading class sun/nio/fs/WindowsSecurity done
Event: 103.170 Loading class sun/nio/fs/WindowsSecurity$Privilege
Event: 103.170 Loading class sun/nio/fs/WindowsSecurity$Privilege done
Event: 103.194 Loading class sun/nio/fs/WindowsAclFileAttributeView
Event: 103.195 Loading class sun/nio/fs/AbstractAclFileAttributeView
Event: 103.197 Loading class java/nio/file/attribute/AclFileAttributeView
Event: 103.197 Loading class java/nio/file/attribute/FileOwnerAttributeView
Event: 103.197 Loading class java/nio/file/attribute/FileOwnerAttributeView done
Event: 103.197 Loading class java/nio/file/attribute/AclFileAttributeView done
Event: 103.197 Loading class sun/nio/fs/AbstractAclFileAttributeView done
Event: 103.197 Loading class sun/nio/fs/WindowsAclFileAttributeView done
Event: 103.362 Loading class java/util/WeakHashMap$KeyIterator
Event: 103.363 Loading class java/util/WeakHashMap$HashIterator
Event: 103.364 Loading class java/util/WeakHashMap$HashIterator done
Event: 103.364 Loading class java/util/WeakHashMap$KeyIterator done
Event: 107.549 Loading class java/rmi/RemoteException
Event: 107.551 Loading class java/rmi/RemoteException done
Event: 107.561 Loading class java/util/concurrent/Executors$AutoShutdownDelegatedExecutorService
Event: 107.564 Loading class java/util/concurrent/Executors$AutoShutdownDelegatedExecutorService done

Classes unloaded (20 events):
Event: 112.810 Thread 0x0000018bbad092d0 Unloading class 0x00000000275e2d00 'androidx/room/compiler/processing/ksp/KspProcessingEnv$jvmVersion$2'
Event: 112.810 Thread 0x0000018bbad092d0 Unloading class 0x00000000275e28b0 'androidx/room/compiler/processing/XProcessingEnv$Platform'
Event: 112.810 Thread 0x0000018bbad092d0 Unloading class 0x00000000275e2660 'androidx/room/compiler/processing/ksp/KspProcessingEnv$jvmPlatformInfo$2'
Event: 112.810 Thread 0x0000018bbad092d0 Unloading class 0x00000000275e2210 'androidx/room/compiler/processing/XProcessingEnv$Backend'
Event: 112.810 Thread 0x0000018bbad092d0 Unloading class 0x00000000275e2000 'androidx/room/compiler/processing/XProcessingEnv$Companion'
Event: 112.810 Thread 0x0000018bbad092d0 Unloading class 0x00000000275e1a78 'androidx/room/compiler/processing/ksp/KspProcessingEnv'
Event: 112.810 Thread 0x0000018bbad092d0 Unloading class 0x00000000275e1870 'androidx/room/compiler/processing/XProcessingEnv'
Event: 112.811 Thread 0x0000018bbad092d0 Unloading class 0x00000000275e1620 'androidx/room/compiler/processing/ksp/KspBasicAnnotationProcessor$DelegateLogger'
Event: 112.811 Thread 0x0000018bbad092d0 Unloading class 0x00000000275e11d0 'androidx/room/processor/Context$BooleanProcessorOptions'
Event: 112.811 Thread 0x0000018bbad092d0 Unloading class 0x00000000275e0fb8 'androidx/room/compiler/processing/XProcessingEnvConfig$Builder'
Event: 112.811 Thread 0x0000018bbad092d0 Unloading class 0x00000000275e0da8 'androidx/room/compiler/processing/XProcessingEnvConfig$Companion'
Event: 112.811 Thread 0x0000018bbad092d0 Unloading class 0x00000000275e0b98 'androidx/room/compiler/processing/XProcessingEnvConfig'
Event: 112.811 Thread 0x0000018bbad092d0 Unloading class 0x00000000275e0988 'androidx/room/DatabaseProcessingStep$Companion'
Event: 112.811 Thread 0x0000018bbad092d0 Unloading class 0x00000000275e0738 'androidx/room/DatabaseProcessingStep'
Event: 112.811 Thread 0x0000018bbad092d0 Unloading class 0x00000000275e0530 'androidx/room/compiler/processing/XProcessingStep'
Event: 112.811 Thread 0x0000018bbad092d0 Unloading class 0x00000000275e0298 'androidx/room/RoomKspProcessor'
Event: 112.811 Thread 0x0000018bbad092d0 Unloading class 0x00000000275e0000 'androidx/room/compiler/processing/ksp/KspBasicAnnotationProcessor'
Event: 112.811 Thread 0x0000018bbad092d0 Unloading class 0x0000000027144c50 'androidx/room/compiler/processing/XBasicAnnotationProcessor'
Event: 112.811 Thread 0x0000018bbad092d0 Unloading class 0x0000000027144a28 'com/squareup/moshi/kotlin/codegen/ksp/JsonClassSymbolProcessorProvider'
Event: 112.811 Thread 0x0000018bbad092d0 Unloading class 0x0000000027144800 'androidx/room/RoomKspProcessor$Provider'

Classes redefined (0 events):
No events

Internal exceptions (20 events):
Event: 102.661 Thread 0x0000018bcac962a0 Exception <a 'sun/nio/fs/WindowsException'{0x000000008c453b68}> (0x000000008c453b68) 
thrown [s\src\hotspot\share\prims\jni.cpp, line 516]
Event: 102.829 Thread 0x0000018bcac962a0 Exception <a 'sun/nio/fs/WindowsException'{0x000000008c367408}> (0x000000008c367408) 
thrown [s\src\hotspot\share\prims\jni.cpp, line 516]
Event: 104.183 Thread 0x0000018bca209dc0 Exception <a 'java/lang/NoSuchMethodError'{0x00000000ff36cdc0}: static Ljava/lang/Object;.<clinit>()V> (0x00000000ff36cdc0) 
thrown [s\src\hotspot\share\prims\jni.cpp, line 1106]
Event: 107.483 Thread 0x0000018bca209dc0 Exception <a 'java/lang/NoSuchMethodError'{0x000000008f973578}: static [Ljava/lang/String;.<clinit>()V> (0x000000008f973578) 
thrown [s\src\hotspot\share\prims\jni.cpp, line 1106]
Event: 107.491 Thread 0x0000018bca209dc0 Exception <a 'java/lang/NoSuchMethodError'{0x000000008f9d4240}: static Ljava/lang/Object;.<clinit>()V> (0x000000008f9d4240) 
thrown [s\src\hotspot\share\prims\jni.cpp, line 1106]
Event: 107.496 Thread 0x0000018bca209dc0 Exception <a 'java/lang/NoSuchMethodError'{0x000000008f800be8}: static Lorg/jetbrains/kotlin/incremental/ClasspathChanges$ClasspathSnapshotEnabled$NotAvailableForNonIncrementalRun;.<clinit>()V> (0x000000008f800be8) 
thrown [s\src\hotspot\share\prims\jni.cpp, line 1106]
Event: 107.496 Thread 0x0000018bca209dc0 Exception <a 'java/lang/NoSuchMethodError'{0x000000008f802ec8}: static Lorg/jetbrains/kotlin/incremental/ClasspathChanges$ClasspathSnapshotEnabled;.<clinit>()V> (0x000000008f802ec8) 
thrown [s\src\hotspot\share\prims\jni.cpp, line 1106]
Event: 107.496 Thread 0x0000018bca209dc0 Exception <a 'java/lang/NoSuchMethodError'{0x000000008f804d98}: static Lorg/jetbrains/kotlin/incremental/ClasspathChanges;.<clinit>()V> (0x000000008f804d98) 
thrown [s\src\hotspot\share\prims\jni.cpp, line 1106]
Event: 108.609 Thread 0x0000018bcb14c290 Implicit null exception at 0x0000018bae5778d5 to 0x0000018bae57abac
Event: 109.528 Thread 0x0000018bcb14c290 Exception <a 'java/lang/NoSuchMethodError'{0x0000000091868ec8}: 'java.lang.Object java.lang.invoke.DirectMethodHandle$Holder.invokeStatic(java.lang.Object, int, java.lang.Object, java.lang.Object, java.lang.Object)'> (0x0000000091868ec8) 
thrown [s\src\hotspot\share\interpreter\linkResolver.cpp, line 804]
Event: 109.532 Thread 0x0000018bcb14c290 Exception <a 'java/lang/NoSuchMethodError'{0x0000000091871108}: 'java.lang.Object java.lang.invoke.DirectMethodHandle$Holder.invokeStaticInit(java.lang.Object, int, java.lang.Object, java.lang.Object, java.lang.Object)'> (0x0000000091871108) 
thrown [s\src\hotspot\share\interpreter\linkResolver.cpp, line 804]
Event: 110.156 Thread 0x0000018bcb14c290 Exception <a 'sun/nio/fs/WindowsException'{0x0000000091145b18}> (0x0000000091145b18) 
thrown [s\src\hotspot\share\prims\jni.cpp, line 516]
Event: 111.368 Thread 0x0000018bcb14c290 Exception <a 'java/lang/NoSuchMethodError'{0x000000008f4a8080}: 'java.lang.Object java.lang.invoke.DirectMethodHandle$Holder.invokeStatic(java.lang.Object, java.lang.Object, long, long)'> (0x000000008f4a8080) 
thrown [s\src\hotspot\share\interpreter\linkResolver.cpp, line 804]
Event: 111.390 Thread 0x0000018bcb14c290 Exception <a 'java/lang/NoSuchMethodError'{0x000000008f4e6630}: 'java.lang.Object java.lang.invoke.DirectMethodHandle$Holder.invokeStatic(java.lang.Object, java.lang.Object, java.lang.Object, long, java.lang.Object)'> (0x000000008f4e6630) 
thrown [s\src\hotspot\share\interpreter\linkResolver.cpp, line 804]
Event: 111.392 Thread 0x0000018bcb14c290 Exception <a 'java/lang/NoSuchMethodError'{0x000000008f4f6c08}: 'java.lang.Object java.lang.invoke.DirectMethodHandle$Holder.newInvokeSpecial(java.lang.Object, java.lang.Object, java.lang.Object, long)'> (0x000000008f4f6c08) 
thrown [s\src\hotspot\share\interpreter\linkResolver.cpp, line 804]
Event: 111.392 Thread 0x0000018bcb14c290 Exception <a 'java/lang/NoSuchMethodError'{0x000000008f4ff038}: 'java.lang.Object java.lang.invoke.Invokers$Holder.linkToTargetMethod(java.lang.Object, java.lang.Object, long, java.lang.Object)'> (0x000000008f4ff038) 
thrown [s\src\hotspot\share\interpreter\linkResolver.cpp, line 804]
Event: 117.185 Thread 0x0000018bcb14c290 Exception <a 'java/lang/NoSuchMethodError'{0x000000009349a430}: 'void java.lang.invoke.DirectMethodHandle$Holder.invokeSpecial(java.lang.Object, java.lang.Object, int, int)'> (0x000000009349a430) 
thrown [s\src\hotspot\share\interpreter\linkResolver.cpp, line 804]
Event: 117.313 Thread 0x0000018bcb14c290 Exception <a 'java/lang/NoSuchMethodError'{0x0000000092d9db00}: 'int java.lang.invoke.DirectMethodHandle$Holder.invokeStaticInit(java.lang.Object, int)'> (0x0000000092d9db00) 
thrown [s\src\hotspot\share\interpreter\linkResolver.cpp, line 804]
Event: 118.036 Thread 0x0000018bcb14c290 Exception <a 'java/lang/NoSuchMethodError'{0x000000009156ae90}: 'java.lang.Object java.lang.invoke.DirectMethodHandle$Holder.newInvokeSpecial(java.lang.Object, java.lang.Object, java.lang.Object, java.lang.Object, java.lang.Object, java.lang.Object, java.lang.Object, java.lang.Object, int)'> (0x000000009156ae90) 
thrown [s\src\hotspot\share\interpreter\linkResolver.cpp, line 804]
Event: 118.037 Thread 0x0000018bcb14c290 Exception <a 'java/lang/NoSuchMethodError'{0x0000000091574cc8}: 'java.lang.Object java.lang.invoke.DirectMethodHandle$Holder.invokeSpecial(java.lang.Object, java.lang.Object, java.lang.Object, java.lang.Object, java.lang.Object, java.lang.Object, java.lang.Object, java.lang.Object, java.lang.Object, int)'> (0x0000000091574cc8) 
thrown [s\src\hotspot\share\interpreter\linkResolver.cpp, line 804]

VM Operations (20 events):
Event: 112.001 Executing safepoint VM operation: G1TryInitiateConcMark (G1 Humongous Allocation) done
Event: 112.802 Executing safepoint VM operation: G1PauseRemark
Event: 114.255 Executing safepoint VM operation: G1PauseRemark done
Event: 114.323 Executing non-safepoint VM operation: HandshakeAllThreads (Deoptimize)
Event: 114.326 Executing non-safepoint VM operation: HandshakeAllThreads (Deoptimize) done
Event: 115.609 Executing safepoint VM operation: G1PauseCleanup
Event: 115.612 Executing safepoint VM operation: G1PauseCleanup done
Event: 116.066 Executing non-safepoint VM operation: HandshakeAllThreads (Deoptimize)
Event: 116.066 Executing non-safepoint VM operation: HandshakeAllThreads (Deoptimize) done
Event: 116.075 Executing non-safepoint VM operation: HandshakeAllThreads (Deoptimize)
Event: 116.075 Executing non-safepoint VM operation: HandshakeAllThreads (Deoptimize) done
Event: 116.347 Executing safepoint VM operation: G1CollectForAllocation (G1 Evacuation Pause)
Event: 116.376 Executing safepoint VM operation: G1CollectForAllocation (G1 Evacuation Pause) done
Event: 117.638 Executing non-safepoint VM operation: HandshakeAllThreads (Deoptimize)
Event: 117.638 Executing non-safepoint VM operation: HandshakeAllThreads (Deoptimize) done
Event: 118.015 Executing non-safepoint VM operation: HandshakeAllThreads (Deoptimize)
Event: 118.015 Executing non-safepoint VM operation: HandshakeAllThreads (Deoptimize) done
Event: 118.024 Executing non-safepoint VM operation: HandshakeAllThreads (Deoptimize)
Event: 118.024 Executing non-safepoint VM operation: HandshakeAllThreads (Deoptimize) done
Event: 118.284 Executing safepoint VM operation: G1CollectForAllocation (G1 Evacuation Pause)

Memory protections (0 events):
No events

Nmethod flushes (20 events):
Event: 114.201 Thread 0x0000018bbad092d0 flushing  nmethod 0x0000018ba7f37c08
Event: 114.201 Thread 0x0000018bbad092d0 flushing  nmethod 0x0000018ba81da508
Event: 114.201 Thread 0x0000018bbad092d0 flushing  nmethod 0x0000018ba837d888
Event: 114.201 Thread 0x0000018bbad092d0 flushing  nmethod 0x0000018ba8387f88
Event: 114.201 Thread 0x0000018bbad092d0 flushing  nmethod 0x0000018ba8388c88
Event: 114.201 Thread 0x0000018bbad092d0 flushing  nmethod 0x0000018ba8389408
Event: 114.201 Thread 0x0000018bbad092d0 flushing  nmethod 0x0000018ba8389f88
Event: 114.201 Thread 0x0000018bbad092d0 flushing  nmethod 0x0000018ba838b088
Event: 114.201 Thread 0x0000018bbad092d0 flushing  nmethod 0x0000018ba838b908
Event: 114.201 Thread 0x0000018bbad092d0 flushing  nmethod 0x0000018ba838c308
Event: 114.201 Thread 0x0000018bbad092d0 flushing  nmethod 0x0000018ba838cd08
Event: 114.201 Thread 0x0000018bbad092d0 flushing  nmethod 0x0000018ba838de88
Event: 114.201 Thread 0x0000018bbad092d0 flushing  nmethod 0x0000018ba838ed08
Event: 114.201 Thread 0x0000018bbad092d0 flushing  nmethod 0x0000018ba83d5908
Event: 114.201 Thread 0x0000018bbad092d0 flushing  nmethod 0x0000018ba83d7708
Event: 114.201 Thread 0x0000018bbad092d0 flushing  nmethod 0x0000018ba83d8088
Event: 114.201 Thread 0x0000018bbad092d0 flushing  nmethod 0x0000018ba83d8c08
Event: 114.201 Thread 0x0000018bbad092d0 flushing  nmethod 0x0000018ba83d9608
Event: 114.201 Thread 0x0000018bbad092d0 flushing  nmethod 0x0000018ba83dd888
Event: 114.201 Thread 0x0000018bbad092d0 flushing  nmethod 0x0000018ba8425e88

Events (20 events):
Event: 91.850 Thread 0x0000018bca0be0f0 Thread added: 0x0000018bca0bd920
Event: 98.333 Thread 0x0000018bbad23df0 Thread added: 0x0000018bcb39a640
Event: 98.588 Thread 0x0000018bcb39a640 Thread exited: 0x0000018bcb39a640
Event: 98.919 Thread 0x0000018bbad23df0 Thread added: 0x0000018bc4d1bc90
Event: 99.232 Thread 0x0000018bca0bd920 Thread added: 0x0000018bca0c5620
Event: 99.233 Thread 0x0000018bcac962a0 Thread added: 0x0000018bca0c3eb0
Event: 99.568 Thread 0x0000018bc4d1bc90 Thread exited: 0x0000018bc4d1bc90
Event: 101.946 Thread 0x0000018bbad23df0 Thread added: 0x0000018bc4f92170
Event: 102.551 Thread 0x0000018bc4f92170 Thread exited: 0x0000018bc4f92170
Event: 103.327 Thread 0x0000018bcac962a0 Thread added: 0x0000018bcb14c290
Event: 103.327 Thread 0x0000018bcac962a0 Thread added: 0x0000018bcb14e9a0
Event: 104.328 Thread 0x0000018bcb14c290 Thread exited: 0x0000018bcb14c290
Event: 104.328 Thread 0x0000018bcb14e9a0 Thread exited: 0x0000018bcb14e9a0
Event: 107.568 Thread 0x0000018bcac97240 Thread added: 0x0000018bcb14c290
Event: 116.125 Thread 0x0000018bbad23df0 Thread added: 0x0000018bca7a1730
Event: 116.405 Thread 0x0000018bca7a1730 Thread exited: 0x0000018bca7a1730
Event: 117.195 Thread 0x0000018bbad229c0 Thread added: 0x0000018bca48b100
Event: 117.347 Thread 0x0000018bca48b100 Thread exited: 0x0000018bca48b100
Event: 117.430 Thread 0x0000018bbad23df0 Thread added: 0x0000018bc4d18c30
Event: 117.438 Thread 0x0000018bbad23df0 Thread added: 0x0000018bc4d21540


Dynamic libraries:
0x00007ff794a80000 - 0x00007ff794a8e000 	C:\Program Files\Eclipse Adoptium\jdk-25.0.3.9-hotspot\bin\java.exe
0x00007fff15bb0000 - 0x00007fff15da8000 	C:\Windows\SYSTEM32\ntdll.dll
0x00007fff13be0000 - 0x00007fff13ca2000 	C:\Windows\System32\KERNEL32.DLL
0x00007fff13640000 - 0x00007fff13936000 	C:\Windows\System32\KERNELBASE.dll
0x00007fff13280000 - 0x00007fff13380000 	C:\Windows\System32\ucrtbase.dll
0x00007fff07330000 - 0x00007fff07346000 	C:\Program Files\Eclipse Adoptium\jdk-25.0.3.9-hotspot\bin\jli.dll
0x00007fff13d20000 - 0x00007fff13ebd000 	C:\Windows\System32\USER32.dll
0x00007fff13250000 - 0x00007fff13272000 	C:\Windows\System32\win32u.dll
0x00007fff15b40000 - 0x00007fff15b6b000 	C:\Windows\System32\GDI32.dll
0x00007fff13470000 - 0x00007fff13589000 	C:\Windows\System32\gdi32full.dll
0x00007fff133d0000 - 0x00007fff1346d000 	C:\Windows\System32\msvcp_win.dll
0x00007fff067c0000 - 0x00007fff067de000 	C:\Program Files\Eclipse Adoptium\jdk-25.0.3.9-hotspot\bin\VCRUNTIME140.dll
0x00007fff02b50000 - 0x00007fff02deb000 	C:\Windows\WinSxS\amd64_microsoft.windows.common-controls_6595b64144ccf1df_6.0.19041.6280_none_60bc30a171f2f3f3\COMCTL32.dll
0x00007fff141a0000 - 0x00007fff1423e000 	C:\Windows\System32\msvcrt.dll
0x00007fff13f40000 - 0x00007fff13f6f000 	C:\Windows\System32\IMM32.DLL
0x00007fff0c0e0000 - 0x00007fff0c0ec000 	C:\Program Files\Eclipse Adoptium\jdk-25.0.3.9-hotspot\bin\vcruntime140_1.dll
0x00007ffefa420000 - 0x00007ffefa4ad000 	C:\Program Files\Eclipse Adoptium\jdk-25.0.3.9-hotspot\bin\msvcp140.dll
0x00007ffe70b30000 - 0x00007ffe71a5a000 	C:\Program Files\Eclipse Adoptium\jdk-25.0.3.9-hotspot\bin\server\jvm.dll
0x00007fff147a0000 - 0x00007fff14851000 	C:\Windows\System32\ADVAPI32.dll
0x00007fff13f70000 - 0x00007fff1400f000 	C:\Windows\System32\sechost.dll
0x00007fff14ce0000 - 0x00007fff14e00000 	C:\Windows\System32\RPCRT4.dll
0x00007fff13b20000 - 0x00007fff13b47000 	C:\Windows\System32\bcrypt.dll
0x00007fff13cb0000 - 0x00007fff13d1b000 	C:\Windows\System32\WS2_32.dll
0x00007fff08f10000 - 0x00007fff08f37000 	C:\Windows\SYSTEM32\WINMM.dll
0x00007fff130b0000 - 0x00007fff130fb000 	C:\Windows\SYSTEM32\POWRPROF.dll
0x00007fff0aba0000 - 0x00007fff0abaa000 	C:\Windows\SYSTEM32\VERSION.dll
0x00007fff13090000 - 0x00007fff130a2000 	C:\Windows\SYSTEM32\UMPDC.dll
0x00007fff11a70000 - 0x00007fff11a82000 	C:\Windows\SYSTEM32\kernel.appcore.dll
0x00007fff07d90000 - 0x00007fff07d9a000 	C:\Program Files\Eclipse Adoptium\jdk-25.0.3.9-hotspot\bin\jimage.dll
0x00007fff11840000 - 0x00007fff11a41000 	C:\Windows\SYSTEM32\DBGHELP.DLL
0x00007ffeffcd0000 - 0x00007ffeffd04000 	C:\Windows\SYSTEM32\dbgcore.DLL
0x00007fff13b50000 - 0x00007fff13bd2000 	C:\Windows\System32\bcryptPrimitives.dll
0x00007fff0e3b0000 - 0x00007fff0e3bf000 	C:\Program Files\Eclipse Adoptium\jdk-25.0.3.9-hotspot\bin\instrument.dll
0x00007fff067a0000 - 0x00007fff067be000 	C:\Program Files\Eclipse Adoptium\jdk-25.0.3.9-hotspot\bin\java.dll
0x00007fff14e70000 - 0x00007fff14f9b000 	C:\Windows\System32\ole32.dll
0x00007fff14360000 - 0x00007fff146b3000 	C:\Windows\System32\combase.dll
0x00007fff14fa0000 - 0x00007fff15710000 	C:\Windows\System32\SHELL32.dll
0x00007fff10fc0000 - 0x00007fff11765000 	C:\Windows\SYSTEM32\windows.storage.dll
0x00007fff12bb0000 - 0x00007fff12bdb000 	C:\Windows\SYSTEM32\Wldp.dll
0x00007fff15710000 - 0x00007fff157dd000 	C:\Windows\System32\OLEAUT32.dll
0x00007fff140f0000 - 0x00007fff1419d000 	C:\Windows\System32\SHCORE.dll
0x00007fff159a0000 - 0x00007fff159fb000 	C:\Windows\System32\shlwapi.dll
0x00007fff13180000 - 0x00007fff131a4000 	C:\Windows\SYSTEM32\profapi.dll
0x00007ffefa390000 - 0x00007ffefa3a6000 	C:\Program Files\Eclipse Adoptium\jdk-25.0.3.9-hotspot\bin\zip.dll
0x00007fff06780000 - 0x00007fff06791000 	C:\Program Files\Eclipse Adoptium\jdk-25.0.3.9-hotspot\bin\net.dll
0x00007fff12910000 - 0x00007fff1297a000 	C:\Windows\system32\mswsock.dll
0x00007ffefa400000 - 0x00007ffefa416000 	C:\Program Files\Eclipse Adoptium\jdk-25.0.3.9-hotspot\bin\nio.dll
0x00007fff07320000 - 0x00007fff07330000 	C:\Program Files\Eclipse Adoptium\jdk-25.0.3.9-hotspot\bin\verify.dll
0x00007ffef74d0000 - 0x00007ffef74f7000 	C:\Users\padi kering\.gradle\native\1def1411415f61bf3af743bc5b6707747c0891f09f0c88961ee8f79bc544acac\windows-amd64\native-platform.dll
0x00007ffeea1c0000 - 0x00007ffeea237000 	C:\Users\padi kering\.gradle\native\0.2.8\x86_64-windows-gnu\gradle-fileevents.dll
0x00007fff08f80000 - 0x00007fff08f8a000 	C:\Program Files\Eclipse Adoptium\jdk-25.0.3.9-hotspot\bin\management.dll
0x00007fff06f10000 - 0x00007fff06f1c000 	C:\Program Files\Eclipse Adoptium\jdk-25.0.3.9-hotspot\bin\management_ext.dll
0x00007fff14e60000 - 0x00007fff14e68000 	C:\Windows\System32\PSAPI.DLL
0x00007fff125f0000 - 0x00007fff1262b000 	C:\Windows\SYSTEM32\IPHLPAPI.DLL
0x00007fff157e0000 - 0x00007fff157e8000 	C:\Windows\System32\NSI.dll
0x00007fff074d0000 - 0x00007fff074d9000 	C:\Program Files\Eclipse Adoptium\jdk-25.0.3.9-hotspot\bin\extnet.dll
0x00007fff12b00000 - 0x00007fff12b18000 	C:\Windows\SYSTEM32\CRYPTSP.dll
0x00007fff12230000 - 0x00007fff12268000 	C:\Windows\system32\rsaenh.dll
0x00007fff13140000 - 0x00007fff1316e000 	C:\Windows\SYSTEM32\USERENV.dll
0x00007fff12b20000 - 0x00007fff12b2c000 	C:\Windows\SYSTEM32\CRYPTBASE.dll
0x00007fff0d6c0000 - 0x00007fff0d6ce000 	C:\Program Files\Eclipse Adoptium\jdk-25.0.3.9-hotspot\bin\sunmscapi.dll
0x00007fff13940000 - 0x00007fff13a9d000 	C:\Windows\System32\CRYPT32.dll
0x00007fff12c20000 - 0x00007fff12c47000 	C:\Windows\SYSTEM32\ncrypt.dll
0x00007fff12be0000 - 0x00007fff12c1b000 	C:\Windows\SYSTEM32\NTASN1.dll
0x00007fff07e40000 - 0x00007fff07e47000 	C:\Windows\system32\wshunix.dll
0x00007fff12480000 - 0x00007fff124b3000 	C:\Windows\SYSTEM32\ntmarta.dll
0x00007ffec7bc0000 - 0x00007ffec7d40000 	C:\Program Files\Eclipse Adoptium\jdk-25.0.3.9-hotspot\bin\awt.dll
0x00007fff0f410000 - 0x00007fff0f4a4000 	C:\Windows\SYSTEM32\apphelp.dll
0x00007fff106c0000 - 0x00007fff1075e000 	C:\Windows\system32\uxtheme.dll
0x00007fff14240000 - 0x00007fff14355000 	C:\Windows\System32\MSCTF.dll

JVMTI agents:
C:\Users\padi kering\.gradle\wrapper\dists\gradle-9.0-bin\3czi7dcr1pf879blyy9qczdy7\gradle-9.0.0\lib\agents\gradle-instrumentation-agent-9.0.0.jar path:C:\Program Files\Eclipse Adoptium\jdk-25.0.3.9-hotspot\bin\instrument.dll, loaded, initialized, instrumentlib options:none

dbghelp: loaded successfully - version: 4.0.5 - missing functions: none
symbol engine: initialized successfully - sym options: 0x614 - pdb path: .;C:\Program Files\Eclipse Adoptium\jdk-25.0.3.9-hotspot\bin;C:\Windows\SYSTEM32;C:\Windows\WinSxS\amd64_microsoft.windows.common-controls_6595b64144ccf1df_6.0.19041.6280_none_60bc30a171f2f3f3;C:\Program Files\Eclipse Adoptium\jdk-25.0.3.9-hotspot\bin\server;C:\Users\padi kering\.gradle\native\1def1411415f61bf3af743bc5b6707747c0891f09f0c88961ee8f79bc544acac\windows-amd64;C:\Users\padi kering\.gradle\native\0.2.8\x86_64-windows-gnu;C:\Users\padi kering\AppData\Local\Temp

VM Arguments:
jvm_args: --add-opens=java.base/java.lang=ALL-UNNAMED --add-opens=java.base/java.lang.invoke=ALL-UNNAMED --add-opens=java.base/java.util=ALL-UNNAMED --add-opens=java.prefs/java.util.prefs=ALL-UNNAMED --add-exports=jdk.compiler/com.sun.tools.javac.api=ALL-UNNAMED --add-exports=jdk.compiler/com.sun.tools.javac.util=ALL-UNNAMED --add-opens=java.base/java.util=ALL-UNNAMED --add-opens=java.prefs/java.util.prefs=ALL-UNNAMED --add-opens=java.base/java.nio.charset=ALL-UNNAMED --add-opens=java.base/java.net=ALL-UNNAMED --add-opens=java.base/java.util.concurrent=ALL-UNNAMED --add-opens=java.base/java.util.concurrent.atomic=ALL-UNNAMED --add-opens=java.xml/javax.xml.namespace=ALL-UNNAMED --enable-native-access=ALL-UNNAMED -Xmx2g -Dfile.encoding=UTF-8 -Duser.country=US -Duser.language=en -Duser.variant -javaagent:C:\Users\padi kering\.gradle\wrapper\dists\gradle-9.0-bin\3czi7dcr1pf879blyy9qczdy7\gradle-9.0.0\lib\agents\gradle-instrumentation-agent-9.0.0.jar 
java_command: org.gradle.launcher.daemon.bootstrap.GradleDaemon 9.0.0
java_class_path (initial): C:\Users\padi kering\.gradle\wrapper\dists\gradle-9.0-bin\3czi7dcr1pf879blyy9qczdy7\gradle-9.0.0\lib\gradle-daemon-main-9.0.0.jar
Launcher Type: SUN_STANDARD

[Global flags]
     intx CICompilerCount                          = 4                                         {product} {ergonomic}
     uint ConcGCThreads                            = 2                                         {product} {ergonomic}
     uint G1ConcRefinementThreads                  = 8                                         {product} {ergonomic}
   size_t G1HeapRegionSize                         = 1048576                                   {product} {ergonomic}
   size_t InitialHeapSize                          = 100663296                                 {product} {ergonomic}
   size_t MarkStackSize                            = 4194304                                   {product} {ergonomic}
   size_t MarkStackSizeMax                         = 536870912                                 {product} {ergonomic}
   size_t MaxHeapSize                              = 2147483648                                {product} {command line}
   size_t MaxNewSize                               = 1287651328                                {product} {ergonomic}
   size_t MinHeapDeltaBytes                        = 1048576                                   {product} {ergonomic}
   size_t MinHeapSize                              = 8388608                                   {product} {ergonomic}
    uintx NonNMethodCodeHeapSize                   = 5898240                                {pd product} {ergonomic}
    uintx NonProfiledCodeHeapSize                  = 122945536                              {pd product} {ergonomic}
    uintx ProfiledCodeHeapSize                     = 122945536                              {pd product} {ergonomic}
    uintx ReservedCodeCacheSize                    = 251789312                              {pd product} {ergonomic}
     bool SegmentedCodeCache                       = true                                      {product} {ergonomic}
   size_t SoftMaxHeapSize                          = 2147483648                             {manageable} {ergonomic}
     bool UseCompressedOops                        = true                           {product lp64_product} {ergonomic}
     bool UseG1GC                                  = true                                      {product} {ergonomic}
     bool UseLargePagesIndividualAllocation        = false                                  {pd product} {ergonomic}

Logging:
Log output configuration:
 #0: stdout all=warning uptime,level,tags foldmultilines=false
 #1: stderr all=off uptime,level,tags foldmultilines=false

Release file:
IMPLEMENTOR="Eclipse Adoptium" 
IMPLEMENTOR_VERSION="Temurin-25.0.3+9" 
JAVA_RUNTIME_VERSION="25.0.3+9-LTS" 
JAVA_VERSION="25.0.3" 
JAVA_VERSION_DATE="2026-04-21" 
LIBC="default" 
MODULES="java.base java.compiler java.datatransfer java.xml java.prefs java.desktop java.instrument java.logging java.management java.security.sasl java.naming java.rmi java.management.rmi java.net.http java.scripting java.security.jgss java.transaction.xa java.sql java.sql.rowset java.xml.crypto java.se java.smartcardio jdk.accessibility jdk.internal.jvmstat jdk.attach jdk.charsets jdk.internal.opt jdk.zipfs jdk.compiler jdk.crypto.cryptoki jdk.crypto.ec jdk.crypto.mscapi jdk.dynalink jdk.internal.ed jdk.editpad jdk.internal.vm.ci jdk.graal.compiler jdk.graal.compiler.management jdk.hotspot.agent jdk.httpserver jdk.incubator.vector jdk.internal.le jdk.internal.md jdk.jartool jdk.javadoc jdk.jcmd jdk.management jdk.management.agent jdk.jconsole jdk.jdeps jdk.jdwp.agent jdk.jdi jdk.jfr jdk.jlink jdk.jpackage jdk.jshell jdk.jsobject jdk.jstatd jdk.localedata jdk.management.jfr jdk.naming.dns jdk.naming.rmi jdk.net jdk.nio.mapmode jdk.sctp jdk.security.auth jdk.security.jgss jdk.unsupported jdk.unsupported.desktop jdk.xml.dom" 
OS_ARCH="x86_64" 
OS_NAME="Windows" 
SOURCE=".:git:cda0a1776184" 
BUILD_SOURCE="git:a612825ee82a20ac872d60958c349854c1f29a8e"
BUILD_SOURCE_REPO="https://github.com/adoptium/temurin-build.git"
SOURCE_REPO="https://github.com/adoptium/jdk25u.git"
FULL_VERSION="25.0.3+9-LTS"
SEMANTIC_VERSION="25.0.3+9"
BUILD_INFO="OS: Windows Server 2022 Version: 10.0"
JVM_VARIANT="Hotspot"
JVM_VERSION="25.0.3+9-LTS"
IMAGE_TYPE="JDK"

Environment Variables:
PATH=C:\Users\padi kering\bin;C:\Program Files\Git\mingw64\bin;C:\Program Files\Git\usr\local\bin;C:\Program Files\Git\usr\bin;C:\Program Files\Git\usr\bin;C:\Program Files\Git\mingw64\bin;C:\Program Files\Git\usr\bin;C:\Users\padi kering\bin;C:\Program Files\Eclipse Adoptium\jdk-25.0.3.9-hotspot\bin;C:\Windows\system32;C:\Windows;C:\Windows\System32\Wbem;C:\Windows\System32\WindowsPowerShell\v1.0;C:\Windows\System32\OpenSSH;C:\Program Files\Git\cmd;C:\Program Files\nodejs;C:\Program Files\GitHub CLI;C:\php\php-8.3.30-nts-Win32-vs16-x64;C:\ProgramData\ComposerSetup\bin;C:\Users\padi kering\AppData\Local\Android\Sdk\platform-tools;C:\Windows\system32;C:\Windows;C:\Windows\System32\Wbem;C:\Windows\System32\WindowsPowerShell\v1.0;C:\Windows\System32\OpenSSH;C:\Program Files\Git\cmd;C:\Users\padi kering\AppData\Local\Microsoft\WindowsApps;C:\Program Files (x86)\Steam\ext\bin;C:\Users\padi kering\AppData\Roaming\npm;C:\Users\padi kering\AppData\Local\Programs\Antigravity IDE\bin;C:\Users\padi kering\AppData\Roaming\Composer\vendor\bin;C:\Users\padi kering\AppData\Local\Android\Sdk\platform-tools;C:\Program Files\Git\usr\bin\vendor_perl;C:\Program Files\Git\usr\bin\core_perl
USERNAME=padi kering
SHELL=C:\Program Files\Git\usr\bin\bash.exe
DISPLAY=needs-to-be-defined
LC_CTYPE=en_US.UTF-8
TERM=xterm
TMPDIR=C:\Users\PADIKE~1\AppData\Local\Temp
OS=Windows_NT
PROCESSOR_IDENTIFIER=AMD64 Family 23 Model 24 Stepping 1, AuthenticAMD
TMP=C:\Users\PADIKE~1\AppData\Local\Temp
TEMP=C:\Users\PADIKE~1\AppData\Local\Temp




Compilation memory statistics disabled.

Periodic native trim disabled

---------------  S Y S T E M  ---------------

OS:
 Windows 10 , 64 bit Build 19041 (10.0.19041.5915)
OS uptime: 10 days 10:07 hours

CPU: total 8 (initial active 8) (8 cores per cpu, 2 threads per core) family 23 model 24 stepping 1 microcode 0x0, cx8, cmov, fxsr, ht, mmx, 3dnowpref, sse, sse2, sse3, ssse3, sse4a, sse4.1, sse4.2, popcnt, lzcnt, tsc, tscinvbit, avx, avx2, aes, clmul, bmi1, bmi2, adx, sha, fma, vzeroupper, clflush, clflushopt, rdtscp, f16c
Processor Information for the first 8 processors :
  Max Mhz: 2100, Current Mhz: 2100, Mhz Limit: 2100

Memory: 4k page, system-wide physical 6062M (568M free)
TotalPageFile size 18789M (AvailPageFile size 109M)
current process WorkingSet (physical memory assigned to process): 557M, peak: 557M
current process commit charge ("private bytes"): 840M, peak: 1119M

vm_info: OpenJDK 64-Bit Server VM (25.0.3+9-LTS) for windows-amd64 JRE (25.0.3+9-LTS), built on 2026-04-21T00:00:00Z with MS VC++ 17.12 (VS2022)

END.
