#
# There is insufficient memory for the Java Runtime Environment to continue.
# Native memory allocation (mmap) failed to map 65536 bytes. Error detail: Failed to commit metaspace.
# Possible reasons:
#   The system is out of physical RAM or swap space
#   This process is running with CompressedOops enabled, and the Java Heap may be blocking the growth of the native heap
# Possible solutions:
#   Reduce memory load on the system
#   Increase physical memory or swap space
#   Check if swap backing store is full
#   Decrease Java heap size (-Xmx/-Xms)
#   Decrease number of Java threads
#   Decrease Java thread stack sizes (-Xss)
#   Set larger code cache with -XX:ReservedCodeCacheSize=
#   JVM is running with Unscaled Compressed Oops mode in which the Java heap is
#     placed in the first 4GB address space. The Java Heap base address is the
#     maximum limit for the native heap growth. Please use -XX:HeapBaseMinAddress
#     to set the Java Heap base and to place the Java Heap above 4GB virtual address.
# This output file may be truncated or incomplete.
#
#  Out of Memory Error (virtualSpaceNode.cpp:113), pid=33144, tid=18876
#
# JRE version: OpenJDK Runtime Environment Temurin-25.0.3+9 (25.0.3+9) (build 25.0.3+9-LTS)
# Java VM: OpenJDK 64-Bit Server VM Temurin-25.0.3+9 (25.0.3+9-LTS, mixed mode, sharing, tiered, compressed oops, compressed class ptrs, g1 gc, windows-amd64)
# No core dump will be written. Minidumps are not enabled by default on client versions of Windows
#

---------------  S U M M A R Y ------------

Command Line: --add-opens=java.base/java.lang=ALL-UNNAMED --add-opens=java.base/java.lang.invoke=ALL-UNNAMED --add-opens=java.base/java.util=ALL-UNNAMED --add-opens=java.prefs/java.util.prefs=ALL-UNNAMED --add-exports=jdk.compiler/com.sun.tools.javac.api=ALL-UNNAMED --add-exports=jdk.compiler/com.sun.tools.javac.util=ALL-UNNAMED --add-opens=java.base/java.util=ALL-UNNAMED --add-opens=java.prefs/java.util.prefs=ALL-UNNAMED --add-opens=java.base/java.nio.charset=ALL-UNNAMED --add-opens=java.base/java.net=ALL-UNNAMED --add-opens=java.base/java.util.concurrent=ALL-UNNAMED --add-opens=java.base/java.util.concurrent.atomic=ALL-UNNAMED --add-opens=java.xml/javax.xml.namespace=ALL-UNNAMED --enable-native-access=ALL-UNNAMED -Xmx2g -Dfile.encoding=UTF-8 -Duser.country=US -Duser.language=en -Duser.variant -javaagent:C:\Users\padi kering\.gradle\wrapper\dists\gradle-9.0-bin\3czi7dcr1pf879blyy9qczdy7\gradle-9.0.0\lib\agents\gradle-instrumentation-agent-9.0.0.jar org.gradle.launcher.daemon.bootstrap.GradleDaemon 9.0.0

Host: AMD Ryzen 5 PRO 3500U w/ Radeon Vega Mobile Gfx, 8 cores, 5G,  Windows 10 , 64 bit Build 19041 (10.0.19041.5915)
Time: Mon Jun 15 11:27:51 2026 China Standard Time elapsed time: 62.994874 seconds (0d 0h 1m 2s)

---------------  T H R E A D  ---------------

Current thread (0x000002839a30e530):  JavaThread "pool-2-thread-1"        [_thread_in_vm, id=18876, stack(0x0000008e9bb00000,0x0000008e9bc00000) (1024K)]

Stack: [0x0000008e9bb00000,0x0000008e9bc00000]
Native frames: (J=compiled Java code, j=interpreted, Vv=VM code, C=native code)
V  [jvm.dll+0x7aa709]  (no source info available)
V  [jvm.dll+0x7749ed]  (no source info available)
V  [jvm.dll+0x9f7433]  (no source info available)
V  [jvm.dll+0x9f9a21]  (no source info available)
V  [jvm.dll+0x9fa133]  (no source info available)
V  [jvm.dll+0x2fd266]  (no source info available)
V  [jvm.dll+0x9f430e]  (no source info available)
V  [jvm.dll+0x73f924]  (no source info available)
V  [jvm.dll+0x25889b]  (no source info available)
V  [jvm.dll+0x25865e]  (no source info available)
V  [jvm.dll+0x742355]  (no source info available)
V  [jvm.dll+0x742005]  (no source info available)
V  [jvm.dll+0x29af22]  (no source info available)
V  [jvm.dll+0x74034e]  (no source info available)
V  [jvm.dll+0x2e2896]  (no source info available)
V  [jvm.dll+0x28a4ff]  (no source info available)
V  [jvm.dll+0x280376]  (no source info available)
V  [jvm.dll+0x66a191]  (no source info available)
V  [jvm.dll+0x96766d]  (no source info available)
V  [jvm.dll+0x51c142]  (no source info available)
V  [jvm.dll+0x52e116]  (no source info available)
C  [java.dll+0x162d]  (no source info available)
C  0x0000028387b91ca5  (no source info available)

The last pc belongs to native nmethod (printed below).
Java frames: (J=compiled Java code, j=interpreted, Vv=VM code)
J 2078  java.lang.ClassLoader.defineClass0(Ljava/lang/ClassLoader;Ljava/lang/Class;Ljava/lang/String;[BIILjava/security/ProtectionDomain;ZILjava/lang/Object;)Ljava/lang/Class; java.base@25.0.3 (0 bytes) @ 0x0000028387b91c6c [0x0000028387b91b80+0x00000000000000ec]
J 2903 c1 java.lang.System$1.defineClass(Ljava/lang/ClassLoader;Ljava/lang/Class;Ljava/lang/String;[BLjava/security/ProtectionDomain;ZILjava/lang/Object;)Ljava/lang/Class; java.base@25.0.3 (21 bytes) @ 0x0000028380479334 [0x0000028380479280+0x00000000000000b4]
J 2631 c1 java.lang.invoke.MethodHandles$Lookup$ClassDefiner.defineClass(ZLjava/lang/Object;)Ljava/lang/Class; java.base@25.0.3 (213 bytes) @ 0x000002838040c654 [0x000002838040c100+0x0000000000000554]
J 3159 c1 java.lang.invoke.InvokerBytecodeGenerator.loadMethod([B)Ljava/lang/invoke/MemberName; java.base@25.0.3 (36 bytes) @ 0x00000283804e22b4 [0x00000283804e2080+0x0000000000000234]
J 2935 c1 java.lang.invoke.InvokerBytecodeGenerator.generateCustomizedCode(Ljava/lang/invoke/LambdaForm;Ljava/lang/invoke/MethodType;)Ljava/lang/invoke/MemberName; java.base@25.0.3 (34 bytes) @ 0x0000028380486bac [0x0000028380486a00+0x00000000000001ac]
J 2378 c1 java.lang.invoke.LambdaForm.compileToBytecode()V java.base@25.0.3 (164 bytes) @ 0x000002838039aa64 [0x000002838039a880+0x00000000000001e4]
j  java.lang.invoke.DirectMethodHandle.makePreparedLambdaForm(Ljava/lang/invoke/MethodType;I)Ljava/lang/invoke/LambdaForm;+782 java.base@25.0.3
J 13866 c2 java.lang.invoke.DirectMethodHandle.preparedLambdaForm(Ljava/lang/invoke/MemberName;Z)Ljava/lang/invoke/LambdaForm; java.base@25.0.3 (238 bytes) @ 0x0000028387ff3eec [0x0000028387ff3d80+0x000000000000016c]
J 15514 c1 java.lang.invoke.DirectMethodHandle.make(BLjava/lang/Class;Ljava/lang/invoke/MemberName;Ljava/lang/Class;)Ljava/lang/invoke/DirectMethodHandle; java.base@25.0.3 (275 bytes) @ 0x000002838127bdb4 [0x000002838127ac80+0x0000000000001134]
J 2999 c1 java.lang.invoke.MethodHandles$Lookup.getDirectMethodCommon(BLjava/lang/Class;Ljava/lang/invoke/MemberName;ZLjava/lang/invoke/MethodHandles$Lookup;)Ljava/lang/invoke/MethodHandle; java.base@25.0.3 (289 bytes) @ 0x00000283804af18c [0x00000283804adf80+0x000000000000120c]
J 2713 c1 java.lang.invoke.MethodHandles$Lookup.getDirectMethod(BLjava/lang/Class;Ljava/lang/invoke/MemberName;Ljava/lang/invoke/MethodHandles$Lookup;)Ljava/lang/invoke/MethodHandle; java.base@25.0.3 (14 bytes) @ 0x0000028380427d04 [0x0000028380427c80+0x0000000000000084]
J 3708 c1 java.lang.invoke.MethodHandles$Lookup.getDirectMethodForConstant(BLjava/lang/Class;Ljava/lang/invoke/MemberName;)Ljava/lang/invoke/MethodHandle; java.base@25.0.3 (72 bytes) @ 0x00000283805c53d4 [0x00000283805c4500+0x0000000000000ed4]
J 2953 c1 java.lang.invoke.MethodHandles$Lookup.linkMethodHandleConstant(BLjava/lang/Class;Ljava/lang/String;Ljava/lang/Object;)Ljava/lang/invoke/MethodHandle; java.base@25.0.3 (227 bytes) @ 0x000002838049754c [0x0000028380496400+0x000000000000114c]
J 2952 c1 java.lang.invoke.MethodHandleNatives.linkMethodHandleConstant(Ljava/lang/Class;ILjava/lang/Class;Ljava/lang/String;Ljava/lang/Object;)Ljava/lang/invoke/MethodHandle; java.base@25.0.3 (50 bytes) @ 0x00000283804961cc [0x0000028380496000+0x00000000000001cc]
v  ~StubRoutines::call_stub 0x00000283875412ed
j  org.jetbrains.kotlin.cli.jvm.compiler.jarfs.FastJarHandler.<init>(Lorg/jetbrains/kotlin/cli/jvm/compiler/jarfs/FastJarFileSystem;Ljava/lang/String;)V+79
j  org.jetbrains.kotlin.cli.jvm.compiler.jarfs.FastJarFileSystem.myHandlers$lambda$0(Lorg/jetbrains/kotlin/cli/jvm/compiler/jarfs/FastJarFileSystem;Ljava/lang/String;)Lorg/jetbrains/kotlin/cli/jvm/compiler/jarfs/FastJarHandler;+12
j  org.jetbrains.kotlin.cli.jvm.compiler.jarfs.FastJarFileSystem$$Lambda+0x000000000923c380.invoke(Ljava/lang/Object;)Ljava/lang/Object;+8
j  org.jetbrains.kotlin.cli.jvm.compiler.jarfs.FastJarFileSystem.myHandlers$lambda$1(Lkotlin/jvm/functions/Function1;Ljava/lang/Object;)Lorg/jetbrains/kotlin/cli/jvm/compiler/jarfs/FastJarHandler;+2
j  org.jetbrains.kotlin.cli.jvm.compiler.jarfs.FastJarFileSystem$$Lambda+0x000000000923c5b0.fun(Ljava/lang/Object;)Ljava/lang/Object;+5
j  org.jetbrains.kotlin.com.intellij.util.containers.ConcurrentFactoryMap$2.create(Ljava/lang/Object;)Ljava/lang/Object;+5
j  org.jetbrains.kotlin.com.intellij.util.containers.ConcurrentFactoryMap.get(Ljava/lang/Object;)Ljava/lang/Object;+31
j  org.jetbrains.kotlin.cli.jvm.compiler.jarfs.FastJarFileSystem.findFileByPath(Ljava/lang/String;)Lorg/jetbrains/kotlin/com/intellij/openapi/vfs/VirtualFile;+22
j  org.jetbrains.kotlin.cli.jvm.compiler.legacy.pipeline.JvmCompilerPipelineKt.findJarRoot(Lorg/jetbrains/kotlin/com/intellij/openapi/vfs/VirtualFileSystem;Ljava/io/File;)Lorg/jetbrains/kotlin/com/intellij/openapi/vfs/VirtualFile;+21
j  org.jetbrains.kotlin.cli.jvm.compiler.legacy.pipeline.JvmCompilerPipelineKt.contentRootToVirtualFile(Lorg/jetbrains/kotlin/cli/jvm/config/JvmContentRootBase;Lorg/jetbrains/kotlin/com/intellij/openapi/vfs/VirtualFileSystem;Lorg/jetbrains/kotlin/com/intellij/openapi/vfs/VirtualFileSystem;Lorg/jetbrains/kotlin/cli/common/messages/MessageCollector;)Lorg/jetbrains/kotlin/com/intellij/openapi/vfs/VirtualFile;+32
j  org.jetbrains.kotlin.cli.jvm.compiler.legacy.pipeline.JvmCompilerPipelineKt.createProjectEnvironment$lambda$7(Lorg/jetbrains/kotlin/com/intellij/openapi/vfs/VirtualFileSystem;Lorg/jetbrains/kotlin/cli/jvm/compiler/KotlinCoreEnvironment$ProjectEnvironment;Lorg/jetbrains/kotlin/cli/common/messages/MessageCollector;Lorg/jetbrains/kotlin/cli/jvm/config/JvmContentRootBase;)Lorg/jetbrains/kotlin/com/intellij/openapi/vfs/VirtualFile;+18
j  org.jetbrains.kotlin.cli.jvm.compiler.legacy.pipeline.JvmCompilerPipelineKt$$Lambda+0x000000000925d5f8.invoke(Ljava/lang/Object;)Ljava/lang/Object;+16
j  org.jetbrains.kotlin.cli.jvm.compiler.ClasspathRootsResolver.convertClasspathRoots(Ljava/util/List;)Lorg/jetbrains/kotlin/cli/jvm/compiler/ClasspathRootsResolver$RootsAndModules;+84
j  org.jetbrains.kotlin.cli.jvm.compiler.legacy.pipeline.JvmCompilerPipelineKt.createProjectEnvironment(Lorg/jetbrains/kotlin/config/CompilerConfiguration;Lorg/jetbrains/kotlin/com/intellij/openapi/Disposable;Lorg/jetbrains/kotlin/cli/jvm/compiler/EnvironmentConfigFiles;Lorg/jetbrains/kotlin/cli/common/messages/MessageCollector;)Lorg/jetbrains/kotlin/cli/jvm/compiler/VfsBasedProjectEnvironment;+520
j  org.jetbrains.kotlin.cli.pipeline.jvm.JvmFrontendPipelinePhase.createEnvironmentAndSources(Lorg/jetbrains/kotlin/config/CompilerConfiguration;Lorg/jetbrains/kotlin/com/intellij/openapi/Disposable;Ljava/lang/String;Lorg/jetbrains/kotlin/diagnostics/impl/BaseDiagnosticsCollector;)Lorg/jetbrains/kotlin/cli/pipeline/jvm/JvmFrontendPipelinePhase$EnvironmentAndSources;+25
j  org.jetbrains.kotlin.cli.pipeline.jvm.JvmFrontendPipelinePhase.executePhase(Lorg/jetbrains/kotlin/cli/pipeline/ConfigurationPipelineArtifact;)Lorg/jetbrains/kotlin/cli/pipeline/jvm/JvmFrontendPipelineArtifact;+101
j  org.jetbrains.kotlin.cli.pipeline.jvm.JvmFrontendPipelinePhase.executePhase(Lorg/jetbrains/kotlin/cli/pipeline/PipelineArtifact;)Lorg/jetbrains/kotlin/cli/pipeline/PipelineArtifact;+5
j  org.jetbrains.kotlin.cli.pipeline.PipelinePhase.phaseBody(Lorg/jetbrains/kotlin/cli/pipeline/PipelineContext;Lorg/jetbrains/kotlin/cli/pipeline/PipelineArtifact;)Lorg/jetbrains/kotlin/cli/pipeline/PipelineArtifact;+14
j  org.jetbrains.kotlin.cli.pipeline.PipelinePhase.phaseBody(Lorg/jetbrains/kotlin/config/LoggingContext;Ljava/lang/Object;)Ljava/lang/Object;+9
j  org.jetbrains.kotlin.config.phaser.NamedCompilerPhase.invoke(Lorg/jetbrains/kotlin/config/phaser/PhaseConfig;Lorg/jetbrains/kotlin/config/phaser/PhaserState;Lorg/jetbrains/kotlin/config/LoggingContext;Ljava/lang/Object;)Ljava/lang/Object;+304
j  org.jetbrains.kotlin.backend.common.phaser.CompositePhase.invoke(Lorg/jetbrains/kotlin/config/phaser/PhaseConfig;Lorg/jetbrains/kotlin/config/phaser/PhaserState;Lorg/jetbrains/kotlin/config/LoggingContext;Ljava/lang/Object;)Ljava/lang/Object;+87
j  org.jetbrains.kotlin.config.phaser.CompilerPhaseKt.invokeToplevel(Lorg/jetbrains/kotlin/config/phaser/CompilerPhase;Lorg/jetbrains/kotlin/config/phaser/PhaseConfig;Lorg/jetbrains/kotlin/config/LoggingContext;Ljava/lang/Object;)Ljava/lang/Object;+35
j  org.jetbrains.kotlin.cli.pipeline.AbstractCliPipeline.runPhasedPipeline(Lorg/jetbrains/kotlin/cli/pipeline/ArgumentsPipelineArtifact;)Lorg/jetbrains/kotlin/cli/common/ExitCode;+79
j  org.jetbrains.kotlin.cli.pipeline.AbstractCliPipeline.execute(Lorg/jetbrains/kotlin/cli/common/arguments/CommonCompilerArguments;Lorg/jetbrains/kotlin/config/Services;Lorg/jetbrains/kotlin/cli/common/messages/MessageCollector;)Lorg/jetbrains/kotlin/cli/common/ExitCode;+169
j  org.jetbrains.kotlin.cli.jvm.K2JVMCompiler.doExecutePhased(Lorg/jetbrains/kotlin/cli/common/arguments/K2JVMCompilerArguments;Lorg/jetbrains/kotlin/config/Services;Lorg/jetbrains/kotlin/cli/common/messages/MessageCollector;)Lorg/jetbrains/kotlin/cli/common/ExitCode;+35
j  org.jetbrains.kotlin.cli.jvm.K2JVMCompiler.doExecutePhased(Lorg/jetbrains/kotlin/cli/common/arguments/CommonCompilerArguments;Lorg/jetbrains/kotlin/config/Services;Lorg/jetbrains/kotlin/cli/common/messages/MessageCollector;)Lorg/jetbrains/kotlin/cli/common/ExitCode;+7
j  org.jetbrains.kotlin.cli.common.CLICompiler.execImpl(Lorg/jetbrains/kotlin/cli/common/messages/MessageCollector;Lorg/jetbrains/kotlin/config/Services;Lorg/jetbrains/kotlin/cli/common/arguments/CommonCompilerArguments;)Lorg/jetbrains/kotlin/cli/common/ExitCode;+17
j  org.jetbrains.kotlin.cli.common.CLICompiler.exec(Lorg/jetbrains/kotlin/cli/common/messages/MessageCollector;Lorg/jetbrains/kotlin/config/Services;Lorg/jetbrains/kotlin/cli/common/arguments/CommonCompilerArguments;)Lorg/jetbrains/kotlin/cli/common/ExitCode;+88
j  org.jetbrains.kotlin.cli.common.CLICompiler.exec(Ljava/io/PrintStream;Lorg/jetbrains/kotlin/config/Services;Lorg/jetbrains/kotlin/cli/common/messages/MessageRenderer;[Ljava/lang/String;)Lorg/jetbrains/kotlin/cli/common/ExitCode;+259
j  org.jetbrains.kotlin.cli.common.CLICompiler.execAndOutputXml(Ljava/io/PrintStream;Lorg/jetbrains/kotlin/config/Services;[Ljava/lang/String;)Lorg/jetbrains/kotlin/cli/common/ExitCode;+31
j  java.lang.invoke.DirectMethodHandle$Holder.invokeSpecial(Ljava/lang/Object;Ljava/lang/Object;Ljava/lang/Object;Ljava/lang/Object;Ljava/lang/Object;)Ljava/lang/Object;+16 java.base@25.0.3
j  java.lang.invoke.LambdaForm$MH+0x00000000080f9800.invoke(Ljava/lang/Object;Ljava/lang/Object;Ljava/lang/Object;Ljava/lang/Object;Ljava/lang/Object;)Ljava/lang/Object;+93 java.base@25.0.3
J 12508 c2 java.lang.reflect.Method.invoke(Ljava/lang/Object;[Ljava/lang/Object;)Ljava/lang/Object; java.base@25.0.3 (108 bytes) @ 0x0000028387f5bb90 [0x0000028387f5b280+0x0000000000000910]
j  org.jetbrains.kotlin.compilerRunner.GradleKotlinCompilerWork.compileInProcessImpl(Lorg/jetbrains/kotlin/cli/common/messages/MessageCollector;)Lorg/jetbrains/kotlin/cli/common/ExitCode;+324
j  org.jetbrains.kotlin.compilerRunner.GradleKotlinCompilerWork.access$compileInProcessImpl(Lorg/jetbrains/kotlin/compilerRunner/GradleKotlinCompilerWork;Lorg/jetbrains/kotlin/cli/common/messages/MessageCollector;)Lorg/jetbrains/kotlin/cli/common/ExitCode;+2
j  org.jetbrains.kotlin.compilerRunner.GradleKotlinCompilerWork$compileInProcess$future$1.call()Lorg/jetbrains/kotlin/cli/common/ExitCode;+11
j  org.jetbrains.kotlin.compilerRunner.GradleKotlinCompilerWork$compileInProcess$future$1.call()Ljava/lang/Object;+1
j  java.util.concurrent.FutureTask.run()V+39 java.base@25.0.3
j  java.util.concurrent.ThreadPoolExecutor.runWorker(Ljava/util/concurrent/ThreadPoolExecutor$Worker;)V+92 java.base@25.0.3
j  java.util.concurrent.ThreadPoolExecutor$Worker.run()V+5 java.base@25.0.3
j  java.lang.Thread.runWith(Ljava/lang/Object;Ljava/lang/Runnable;)V+5 java.base@25.0.3
j  java.lang.Thread.run()V+19 java.base@25.0.3
v  ~StubRoutines::call_stub 0x00000283875412ed
Lock stack of current Java thread (top to bottom):


Compiled method (n/a) 63189 2078     n 0       java.lang.ClassLoader::defineClass0 (native)
 total in heap  [0x0000028387b91a88,0x0000028387b91ed8] = 1104
 main code      [0x0000028387b91b80,0x0000028387b91ed3] = 851
 stub code      [0x0000028387b91ed3,0x0000028387b91ed8] = 5
 mutable data [0x0000028396e4c0d0,0x0000028396e4c0f0] = 32
 relocation     [0x0000028396e4c0d0,0x0000028396e4c0f0] = 32

[Constant Pool (empty)]

[MachCode]
[Entry Point]
  # {method} {0x00000000074a2f28} 'defineClass0' '(Ljava/lang/ClassLoader;Ljava/lang/Class;Ljava/lang/String;[BIILjava/security/ProtectionDomain;ZILjava/lang/Object;)Ljava/lang/Class;' in 'java/lang/ClassLoader'
  # parm0:    rdx:rdx   = 'java/lang/ClassLoader'
  # parm1:    r8:r8     = 'java/lang/Class'
  # parm2:    r9:r9     = 'java/lang/String'
  # parm3:    rdi:rdi   = '[B'
  # parm4:    rsi       = int
  # parm5:    rcx       = int
  # parm6:    [sp+0xb0]   = 'java/security/ProtectionDomain'  (sp of caller)
  # parm7:    [sp+0xb8]   = boolean
  # parm8:    [sp+0xc0]   = int
  # parm9:    [sp+0xc8]   = 'java/lang/Object'
  0x0000028387b91b80: 6690 448b | 5208 443b 

  0x0000028387b91b88: ;   {runtime_call Shared Runtime ic_miss_blob}
  0x0000028387b91b88: 5008 0f85 | 50cf 9fff 
[Verified Entry Point]
  0x0000028387b91b90: 8984 2400 | 80ff ff55 | 488b ec48 | 81ec a000 | 0000 6690 | 4181 7f20 | 1b00 0000 

  0x0000028387b91bac: ;   {runtime_call Stub::method_entry_barrier}
  0x0000028387b91bac: 7405 e84d | 269e ff48 | 837d 2800 | 488d 4528 | 480f 4445 | 2848 8944 | 2458 4863 | 4520 4889 
  0x0000028387b91bcc: 4424 5048 | 6345 1848 | 8944 2448 | 4883 7d10 | 0048 8d45 | 1048 0f44 | 4510 4889 | 4424 4048 
  0x0000028387b91bec: 894c 2438 | 4889 7424 | 3048 897c | 2478 4883 | ff00 488d | 4424 7848 | 0f44 4424 | 7848 8944 
  0x0000028387b91c0c: 2428 4c89 | 4c24 7049 | 83f9 0048 | 8d44 2470 | 480f 4444 | 2470 4889 | 4424 204c | 8944 2468 
  0x0000028387b91c2c: 4983 f800 | 4c8d 4c24 | 684c 0f44 | 4c24 6848 | 8954 2460 | 4883 fa00 | 4c8d 4424 | 604c 0f44 
  0x0000028387b91c4c: ;   {oop(a 'java/lang/Class'{0x00000000ffe7fdb0} = 'java/lang/ClassLoader')}
  0x0000028387b91c4c: 4424 6049 | beb0 fde7 | ff00 0000 | 004c 89b4 | 2490 0000 | 004c 8db4 | 2490 0000 | 0049 8bd6 
  0x0000028387b91c6c: ;   {internal_word}
  0x0000028387b91c6c: c5f8 7749 | ba6c 1cb9 | 8783 0200 | 004d 8997 | 3004 0000 | 4989 a728 | 0400 0049 | 8d8f 4804 
  0x0000028387b91c8c: 0000 41c7 | 87d4 0400 | 0004 0000 

  0x0000028387b91c98: ;   {runtime_call}
  0x0000028387b91c98: 0048 b8f0 | 147a 06ff | 7f00 00ff | d0c5 f877 | 41c7 87d4 | 0400 0005 | 0000 00f0 | 8344 24c0 
  0x0000028387b91cb8: 0049 3b6f | 280f 870e | 0000 0041 | 83bf d004 | 0000 000f | 842b 0000 | 00c5 f877 | 4889 45f8 
  0x0000028387b91cd8: 498b cf4c | 8be4 4883 | ec20 4883 

  0x0000028387b91ce4: ;   {runtime_call}
  0x0000028387b91ce4: e4f0 48b8 | d0cc fb70 | fe7f 0000 | ffd0 498b | e44d 33e4 | 488b 45f8 | 41c7 87d4 | 0400 0008 
  0x0000028387b91d04: 0000 0041 | 83bf 5005 | 0000 020f | 8491 0100 | 0049 c787 | 2804 0000 | 0000 0000 | 49c7 8730 
  0x0000028387b91d24: 0400 0000 | 0000 00c5 | f877 4885 | c00f 842f | 0100 00a8 | 030f 8508 | 0000 0048 | 8b00 e91f 
  0x0000028387b91d44: 0100 00a8 | 010f 8509 | 0000 0048 | 8b40 fee9 | 0e01 0000 | 488b 40ff | 4180 7f48 | 000f 84ff 
  0x0000028387b91d64: 0000 0048 | 83f8 000f | 84f5 0000 | 0049 8b4f | 3848 85c9 | 0f84 1400 | 0000 4883 | e908 4989 
  0x0000028387b91d84: 4f38 4903 | 4f40 4889 | 01e9 d400 | 0000 4883 | ec70 4889 | 0424 4889 | 4c24 0848 | 8954 2410 
  0x0000028387b91da4: 4c89 4424 | 184c 894c | 2420 4c89 | 5424 284c | 895c 2430 | c5fb 1144 | 2440 c5fb | 114c 2448 
  0x0000028387b91dc4: c5fb 1154 | 2450 c5fb | 115c 2458 | c5fb 1164 | 2460 c5fb | 116c 2468 | 498b d748 | 8bc8 4883 
  0x0000028387b91de4: ;   {other}
  0x0000028387b91de4: ec20 40f6 | c40f 0f84 | 1900 0000 | 4883 ec08 

  0x0000028387b91df4: ;   {runtime_call}
  0x0000028387b91df4: 48b8 508a | ee70 fe7f | 0000 ffd0 | 4883 c408 | e90c 0000 

  0x0000028387b91e08: ;   {runtime_call}
  0x0000028387b91e08: 0048 b850 | 8aee 70fe | 7f00 00ff | d048 83c4 | 20c5 fb10 | 6c24 68c5 | fb10 6424 | 60c5 fb10 
  0x0000028387b91e28: 5c24 58c5 | fb10 5424 | 50c5 fb10 | 4c24 48c5 | fb10 4424 | 404c 8b5c | 2430 4c8b | 5424 284c 
  0x0000028387b91e48: 8b4c 2420 | 4c8b 4424 | 1848 8b54 | 2410 488b | 4c24 0848 | 8b04 2448 | 83c4 70c5 | f877 498b 
  0x0000028387b91e68: 8fb8 0400 | 00c7 8100 | 0100 0000 | 0000 00c9 

  0x0000028387b91e78: ;   {poll_return}
  0x0000028387b91e78: 41f6 4728 

  0x0000028387b91e7c: ;   {internal_word}
  0x0000028387b91e7c: 0174 1649 | ba78 1eb9 | 8783 0200 | 004d 8997 | e004 0000 

  0x0000028387b91e90: ;   {runtime_call SafepointBlob}
  0x0000028387b91e90: e9cb f09f | ff49 837f | 0800 0f85 | 0100 0000 

  0x0000028387b91ea0: ;   {runtime_call Stub::forward_exception}
  0x0000028387b91ea0: c3e9 3af3 | 9aff c5f8 | 7748 8945 | f84c 8be4 | 4883 ec20 | 4883 e4f0 

  0x0000028387b91eb8: ;   {runtime_call}
  0x0000028387b91eb8: 48b8 6031 | 3571 fe7f | 0000 ffd0 | 498b e44d | 33e4 488b | 45f8 e942 | feff fff4 | f4f4 f4f4 
[/MachCode]


Compiled method (c1) 63202 2903       3       java.lang.System$1::defineClass (21 bytes)
 total in heap  [0x0000028380479188,0x00000283804793f0] = 616
 main code      [0x0000028380479280,0x00000283804793b0] = 304
 stub code      [0x00000283804793b0,0x00000283804793f0] = 64
 mutable data [0x00000283971be160,0x00000283971be1a8] = 72
 relocation     [0x00000283971be160,0x00000283971be1a0] = 64
 metadata       [0x00000283971be1a0,0x00000283971be1a8] = 8
 immutable data [0x00000283971e6480,0x00000283971e6530] = 176
 dependencies   [0x00000283971e6480,0x00000283971e6488] = 8
 nul chk table  [0x00000283971e6488,0x00000283971e6498] = 16
 scopes pcs     [0x00000283971e6498,0x00000283971e64e8] = 80
 scopes data    [0x00000283971e64e8,0x00000283971e6530] = 72

[Constant Pool (empty)]

[MachCode]
[Instructions begin]
  0x0000028380479280: 660f 1f84 | 0000 0000 | 0066 0f1f | 8400 0000 | 0000 448b | 5208 443b 

  0x0000028380479298: ;   {runtime_call Shared Runtime ic_miss_blob}
  0x0000028380479298: 5008 0f85 | 4058 1107 
[Verified Entry Point]
  0x00000283804792a0: 8984 2400 | 80ff ff55 | 4883 ec60 | 4181 7f20 | 1b00 0000 

  0x00000283804792b4: ;   {runtime_call Stub::method_entry_barrier}
  0x00000283804792b4: 7405 e845 | af0f 0748 

  0x00000283804792bc: ;   {metadata(method data for {method} {0x0000000007192150} 'defineClass' '(Ljava/lang/ClassLoader;Ljava/lang/Class;Ljava/lang/String;[BLjava/security/ProtectionDomain;ZILjava/lang/Object;)Ljava/lang/Class;' in 'java/lang/System$1')}
  0x00000283804792bc: 8bd9 48b9 | 1077 8792 | 8302 0000 | 8b81 9000 | 0000 83c0 | 0289 8190 | 0000 0025 | fe07 0000 
  0x00000283804792dc: 85c0 0f84 | 6800 0000 | 4c8b ac24 | 8000 0000 | 448b 5c24 | 788b 4424 | 708b 4e0c 

  0x00000283804792f8: ;   {metadata(method data for {method} {0x0000000007192150} 'defineClass' '(Ljava/lang/ClassLoader;Ljava/lang/Class;Ljava/lang/String;[BLjava/security/ProtectionDomain;ZILjava/lang/Object;)Ljava/lang/Class;' in 'java/lang/System$1')}
  0x00000283804792f8: 48ba 1077 | 8792 8302 | 0000 4883 | 82d8 0000 | 0001 498b | d04d 8bc1 | 4c8b cf48 | 8bfe be00 
  0x0000028380479318: 0000 0048 | 891c 2489 | 4424 0844 | 895c 2410 | 4c89 6c24 

  0x000002838047932c: ;   {static_call}
  0x000002838047932c: 1866 90e8 

  0x0000028380479330: ; ImmutableOopMap {}
                      ;*invokestatic defineClass0 {reexecute=0 rethrow=0 return_oop=0}
                      ; - java.lang.System$1::defineClass@17 (line 2051)
  0x0000028380479330: 5c88 7107 

  0x0000028380479334: ;   {post_call_nop}
  0x0000028380479334: 0f1f 8400 | ac01 0000 | 4883 c460 

  0x0000028380479340: ;   {poll_return}
  0x0000028380479340: 5d49 3b67 | 280f 8727 | 0000 00c3 

  0x000002838047934c: ;   {metadata({method} {0x0000000007192150} 'defineClass' '(Ljava/lang/ClassLoader;Ljava/lang/Class;Ljava/lang/String;[BLjava/security/ProtectionDomain;ZILjava/lang/Object;)Ljava/lang/Class;' in 'java/lang/System$1')}
  0x000002838047934c: 49ba 4821 | 1907 0000 | 0000 4c89 | 5424 0848 | c704 24ff 

  0x0000028380479360: ;   {runtime_call C1 Runtime counter_overflow_blob}
  0x0000028380479360: ffff ffe8 

  0x0000028380479364: ; ImmutableOopMap {rdx=Oop r8=Oop r9=Oop rdi=Oop rsi=Oop rbx=Oop [128]=Oop }
                      ;*synchronization entry
                      ; - java.lang.System$1::defineClass@-1 (line 2051)
  0x0000028380479364: f86c 1e07 | e977 ffff 

  0x000002838047936c: ;   {runtime_call C1 Runtime throw_null_pointer_exception_blob}
  0x000002838047936c: ffe8 6e6c 

  0x0000028380479370: ; ImmutableOopMap {r8=Oop r9=Oop rdi=Oop rsi=Oop rbx=Oop r13=Oop [128]=Oop }
                      ;*arraylength {reexecute=0 rethrow=0 return_oop=0}
                      ; - java.lang.System$1::defineClass@8 (line 2051)
                      ;   {internal_word}
  0x0000028380479370: 1507 49ba | 4193 4780 | 8302 0000 | 4d89 97e0 

  0x0000028380479380: ;   {runtime_call SafepointBlob}
  0x0000028380479380: 0400 00e9 | d87b 1107 | 498b 8788 | 0500 0049 | c787 8805 | 0000 0000 | 0000 49c7 | 8790 0500 
  0x00000283804793a0: 0000 0000 | 0048 83c4 

  0x00000283804793a8: ;   {runtime_call C1 Runtime unwind_exception_blob}
  0x00000283804793a8: 605d e931 | 2c15 07f4 
[Stub Code]
  0x00000283804793b0: ;   {static_stub}
  0x00000283804793b0: 48bb 0000 | 0000 0000 

  0x00000283804793b8: ;   {runtime_call nmethod}
  0x00000283804793b8: 0000 e9fb 

  0x00000283804793bc: ;   {runtime_call C1 Runtime handle_exception_from_callee_blob}
  0x00000283804793bc: ffff ffe8 | 1c5b 1e07 

  0x00000283804793c4: ;   {external_word}
  0x00000283804793c4: 48b9 6020 | 6771 fe7f | 0000 4883 

  0x00000283804793d0: ;   {runtime_call}
  0x00000283804793d0: e4f0 48b8 | 50a8 2171 | fe7f 0000 

  0x00000283804793dc: ;   {section_word}
  0x00000283804793dc: ffd0 f449 | badf 9347 | 8083 0200 

  0x00000283804793e8: ;   {runtime_call DeoptimizationBlob}
  0x00000283804793e8: 0041 52e9 | 707e 1107 
[/MachCode]


Compiled method (c1) 63210 2631   !   3       java.lang.invoke.MethodHandles$Lookup$ClassDefiner::defineClass (213 bytes)
 total in heap  [0x000002838040c008,0x000002838040ce40] = 3640
 main code      [0x000002838040c100,0x000002838040cdd8] = 3288
 stub code      [0x000002838040cdd8,0x000002838040ce40] = 104
 mutable data [0x0000028397070cc0,0x0000028397070e18] = 344
 relocation     [0x0000028397070cc0,0x0000028397070da8] = 232
 metadata       [0x0000028397070da8,0x0000028397070e18] = 112
 immutable data [0x000002839664f0b0,0x000002839664f4a0] = 1008
 dependencies   [0x000002839664f0b0,0x000002839664f0d8] = 40
 nul chk table  [0x000002839664f0d8,0x000002839664f120] = 72
 handler table  [0x000002839664f120,0x000002839664f168] = 72
 scopes pcs     [0x000002839664f168,0x000002839664f2e8] = 384
 scopes data    [0x000002839664f2e8,0x000002839664f4a0] = 440

[Constant Pool (empty)]

[MachCode]
[Instructions begin]
  0x000002838040c100: 660f 1f84 | 0000 0000 | 0066 0f1f | 8400 0000 | 0000 448b | 5208 443b 

  0x000002838040c118: ;   {runtime_call Shared Runtime ic_miss_blob}
  0x000002838040c118: 5008 0f85 | c029 1807 
[Verified Entry Point]
  0x000002838040c120: 8984 2400 | 80ff ff55 | 4881 ecd0 | 0000 0090 | 4181 7f20 | 1b00 0000 

  0x000002838040c138: ;   {runtime_call Stub::method_entry_barrier}
  0x000002838040c138: 7405 e8c1 | 8016 0748 | 8994 2498 | 0000 0049 | 8bd8 498b | c148 8984 | 2490 0000 

  0x000002838040c154: ;   {metadata(method data for {method} {0x000000000730a250} 'defineClass' '(ZLjava/lang/Object;)Ljava/lang/Class;' in 'java/lang/invoke/MethodHandles$Lookup$ClassDefiner')}
  0x000002838040c154: 0049 b878 | 6d87 9283 | 0200 0045 | 8b88 9000 | 0000 4183 | c102 4589 | 8890 0000 | 0041 81e1 
  0x000002838040c174: fe07 0000 | 4585 c90f | 8490 0a00 | 0044 8b42 | 1049 3b00 

  0x000002838040c188: ;   {metadata(method data for {method} {0x000000000730a250} 'defineClass' '(ZLjava/lang/Object;)Ljava/lang/Class;' in 'java/lang/invoke/MethodHandles$Lookup$ClassDefiner')}
  0x000002838040c188: 4d8b c848 | bf78 6d87 | 9283 0200 | 0045 8b49 | 0841 ba00 | 0000 074d | 03ca 4c3b | 8fe0 0000 
  0x000002838040c1a8: 0075 0d48 | 8387 e800 | 0000 01e9 | 6000 0000 | 4c3b 8ff0 | 0000 0075 | 0d48 8387 | f800 0000 
  0x000002838040c1c8: 01e9 4a00 | 0000 4883 | bfe0 0000 | 0000 7517 | 4c89 8fe0 | 0000 0048 | c787 e800 | 0000 0100 
  0x000002838040c1e8: 0000 e929 | 0000 0048 | 83bf f000 | 0000 0075 | 174c 898f | f000 0000 | 48c7 87f8 | 0000 0001 
  0x000002838040c208: 0000 00e9 | 0800 0000 | 4883 87d8 | 0000 0001 | 458b 5810 

  0x000002838040c21c: ; implicit exception: dispatches to 0x000002838040cc37
  0x000002838040c21c: 493b 034d 

  0x000002838040c220: ;   {metadata(method data for {method} {0x000000000730a250} 'defineClass' '(ZLjava/lang/Object;)Ljava/lang/Class;' in 'java/lang/invoke/MethodHandles$Lookup$ClassDefiner')}
  0x000002838040c220: 8bcb 48bf | 786d 8792 | 8302 0000 | 458b 4908 | 41ba 0000 | 0007 4d03 | ca4c 3b8f | 1001 0000 
  0x000002838040c240: 750d 4883 | 8718 0100 | 0001 e960 | 0000 004c | 3b8f 2001 | 0000 750d | 4883 8728 | 0100 0001 
  0x000002838040c260: e94a 0000 | 0048 83bf | 1001 0000 | 0075 174c | 898f 1001 | 0000 48c7 | 8718 0100 | 0001 0000 
  0x000002838040c280: 00e9 2900 | 0000 4883 | bf20 0100 | 0000 7517 | 4c89 8f20 | 0100 0048 | c787 2801 | 0000 0100 
  0x000002838040c2a0: 0000 e908 | 0000 0048 | 8387 0801 | 0000 0145 | 8b4b 384d 

  0x000002838040c2b4: ;   {metadata(method data for {method} {0x000000000730a250} 'defineClass' '(ZLjava/lang/Object;)Ljava/lang/Class;' in 'java/lang/invoke/MethodHandles$Lookup$ClassDefiner')}
  0x000002838040c2b4: 85c9 48bf | 786d 8792 | 8302 0000 | be38 0100 | 0074 05be | 4801 0000 | 488b 0c37 | 488d 4901 
  0x000002838040c2d4: 4889 0c37 | 0f84 7f02 | 0000 498b 

  0x000002838040c2e0: ;   {metadata(method data for {method} {0x000000000730a250} 'defineClass' '(ZLjava/lang/Object;)Ljava/lang/Class;' in 'java/lang/invoke/MethodHandles$Lookup$ClassDefiner')}
  0x000002838040c2e0: f848 be78 | 6d87 9283 | 0200 0048 | 8386 5801 

  0x000002838040c2f0: ;   {metadata(method data for {method} {0x000000000747a570} 'lookupClassProtectionDomain' '()Ljava/security/ProtectionDomain;' in 'java/lang/invoke/MethodHandles$Lookup')}
  0x000002838040c2f0: 0000 0148 | bf10 7387 | 9283 0200 | 008b b790 | 0000 0083 | c602 89b7 | 9000 0000 | 81e6 feff 
  0x000002838040c310: 1f00 85f6 | 0f84 2209 | 0000 418b | 7818 4885 

  0x000002838040c320: ;   {metadata(method data for {method} {0x000000000747a570} 'lookupClassProtectionDomain' '()Ljava/security/ProtectionDomain;' in 'java/lang/invoke/MethodHandles$Lookup')}
  0x000002838040c320: ff48 be10 | 7387 9283 | 0200 00b9 | d800 0000 | 7505 b9e8 | 0000 004c | 8b2c 0e4d | 8d6d 014c 
  0x000002838040c340: 892c 0e0f | 85fb 0100 

  0x000002838040c348: ;   {metadata(method data for {method} {0x000000000747a570} 'lookupClassProtectionDomain' '()Ljava/security/ProtectionDomain;' in 'java/lang/invoke/MethodHandles$Lookup')}
  0x000002838040c348: 0048 bf10 | 7387 9283 | 0200 0048 | 8387 f800 

  0x000002838040c358: ;   {metadata(method data for {method} {0x00000000074b3b40} 'getJavaLangAccess' '()Ljdk/internal/access/JavaLangAccess;' in 'jdk/internal/access/SharedSecrets')}
  0x000002838040c358: 0000 0148 | bf00 9d1a | 9283 0200 | 008b b790 | 0000 0083 | c602 89b7 | 9000 0000 | 81e6 feff 
  0x000002838040c378: 1f00 85f6 | 0f84 db08 

  0x000002838040c380: ;   {oop(a 'java/lang/Class'{0x00000000ffeb3350} = 'jdk/internal/access/SharedSecrets')}
  0x000002838040c380: 0000 48bf | 5033 ebff | 0000 0000 | 8bbf 8400 | 0000 418b | 7010 4885 | ff0f 8426 

  0x000002838040c39c: ;   {metadata('java/lang/System$1')}
  0x000002838040c39c: 0000 0048 | b8b8 1019 | 0700 0000 | 0044 8b77 | 0841 ba00 | 0000 074d | 03f2 493b | 4638 0f85 
  0x000002838040c3bc: be08 0000 | e900 0000 | 0048 8bcf 

  0x000002838040c3c8: ; implicit exception: dispatches to 0x000002838040cc83
                      ;   {metadata(method data for {method} {0x000000000747a570} 'lookupClassProtectionDomain' '()Ljava/security/ProtectionDomain;' in 'java/lang/invoke/MethodHandles$Lookup')}
  0x000002838040c3c8: 483b 0748 | b910 7387 | 9283 0200 

  0x000002838040c3d4: ;   {metadata('java/lang/System$1')}
  0x000002838040c3d4: 0049 bab8 | 1019 0700 | 0000 004c | 8991 1001 | 0000 4883 | 8118 0100 

  0x000002838040c3ec: ;   {metadata(method data for {method} {0x0000000007191d30} 'protectionDomain' '(Ljava/lang/Class;)Ljava/security/ProtectionDomain;' in 'java/lang/System$1')}
  0x000002838040c3ec: 0001 48bf | 8874 8792 | 8302 0000 | 8b8f 9000 | 0000 83c1 | 0289 8f90 | 0000 0081 | e1fe ff1f 
  0x000002838040c40c: 0085 c90f | 8473 0800 | 0048 3b06 

  0x000002838040c418: ;   {metadata(method data for {method} {0x0000000007191d30} 'protectionDomain' '(Ljava/lang/Class;)Ljava/security/ProtectionDomain;' in 'java/lang/System$1')}
  0x000002838040c418: 488b fe48 | b988 7487 | 9283 0200 | 008b 7f08 | 41ba 0000 | 0007 4903 | fa48 3bb9 | e000 0000 
  0x000002838040c438: 750d 4883 | 81e8 0000 | 0001 e960 | 0000 0048 | 3bb9 f000 | 0000 750d | 4883 81f8 | 0000 0001 
  0x000002838040c458: e94a 0000 | 0048 83b9 | e000 0000 | 0075 1748 | 89b9 e000 | 0000 48c7 | 81e8 0000 | 0001 0000 
  0x000002838040c478: 00e9 2900 | 0000 4883 | b9f0 0000 | 0000 7517 | 4889 b9f0 | 0000 0048 | c781 f800 | 0000 0100 
  0x000002838040c498: 0000 e908 | 0000 0048 | 8381 d800 

  0x000002838040c4a4: ;   {metadata(method data for {method} {0x0000000007197240} 'getProtectionDomain' '()Ljava/security/ProtectionDomain;' in 'java/lang/Class')}
  0x000002838040c4a4: 0000 0148 | bfd8 7587 | 9283 0200 | 008b 8f90 | 0000 0083 | c102 898f | 9000 0000 | 81e1 feff 
  0x000002838040c4c4: 1f00 85c9 | 0f84 e007 | 0000 8b7e | 4c48 85ff 

  0x000002838040c4d4: ;   {metadata(method data for {method} {0x0000000007197240} 'getProtectionDomain' '()Ljava/security/ProtectionDomain;' in 'java/lang/Class')}
  0x000002838040c4d4: 48be d875 | 8792 8302 | 0000 b9d8 | 0000 0075 | 05b9 e800 | 0000 488b | 040e 488d | 4001 4889 
  0x000002838040c4f4: 040e 0f85 | 1a00 0000 | 0f1f 4000 

  0x000002838040c500: ;   {other}
  0x000002838040c500: e9ed 0700 | 0000 0000 | 0000 660f | 1f44 0000 

  0x000002838040c510: ; implicit exception: dispatches to 0x000002838040ccfc
  0x000002838040c510: e9f7 0700 | 0090 410f | be77 4885 | f60f 85f3 | 0700 004c | 8bd7 4589 | 5018 f083 | 4424 c000 
  0x000002838040c530: 498b f048 | 33f7 48c1 | ee14 4883 | fe00 0f85 | ee07 0000 

  0x000002838040c544: ;   {metadata(method data for {method} {0x000000000730a250} 'defineClass' '(ZLjava/lang/Object;)Ljava/lang/Class;' in 'java/lang/invoke/MethodHandles$Lookup$ClassDefiner')}
  0x000002838040c544: 49b8 786d | 8792 8302 | 0000 41ff | 8088 0100 | 0048 8bcf | e90a 0000 

  0x000002838040c55c: ;   {oop(nullptr)}
  0x000002838040c55c: 0048 b900 | 0000 0000 

  0x000002838040c564: ;   {metadata(method data for {method} {0x000000000730a250} 'defineClass' '(ZLjava/lang/Object;)Ljava/lang/Class;' in 'java/lang/invoke/MethodHandles$Lookup$ClassDefiner')}
  0x000002838040c564: 0000 0049 | b878 6d87 | 9283 0200 | 0049 8380 | a001 0000 

  0x000002838040c578: ;   {metadata(method data for {method} {0x00000000074b3b40} 'getJavaLangAccess' '()Ljdk/internal/access/JavaLangAccess;' in 'jdk/internal/access/SharedSecrets')}
  0x000002838040c578: 0149 b800 | 9d1a 9283 | 0200 0041 | 8bb8 9000 | 0000 83c7 | 0241 89b8 | 9000 0000 | 81e7 feff 
  0x000002838040c598: 1f00 85ff | 0f84 a807 

  0x000002838040c5a0: ;   {oop(a 'java/lang/Class'{0x00000000ffeb3350} = 'jdk/internal/access/SharedSecrets')}
  0x000002838040c5a0: 0000 49b8 | 5033 ebff | 0000 0000 | 458b a884 | 0000 008b | 7a14 8b72 | 1844 8b72 | 0c44 89b4 
  0x000002838040c5c0: 24a0 0000 | 004d 85ed | 0f84 2600 

  0x000002838040c5cc: ;   {metadata('java/lang/System$1')}
  0x000002838040c5cc: 0000 49be | b810 1907 | 0000 0000 | 418b 4508 | 41ba 0000 | 0007 4903 | c24c 3b70 | 380f 857c 
  0x000002838040c5ec: 0700 00e9 | 0000 0000 | 4d8b c549 | 3b45 004d 

  0x000002838040c5fc: ;   {metadata(method data for {method} {0x000000000730a250} 'defineClass' '(ZLjava/lang/Object;)Ljava/lang/Class;' in 'java/lang/invoke/MethodHandles$Lookup$ClassDefiner')}
  0x000002838040c5fc: 8bc5 48ba | 786d 8792 | 8302 0000 

  0x000002838040c608: ;   {metadata('java/lang/System$1')}
  0x000002838040c608: 49ba b810 | 1907 0000 | 0000 4c89 | 92b8 0100 | 0048 8382 | c001 0000 | 014d 8bc1 | 4d8b cb89 
  0x000002838040c628: 1c24 448b | b424 a000 | 0000 4489 | 7424 0848 | 8b84 2490 | 0000 0048 | 8944 2410 | 498b d54c 
  0x000002838040c648: 899c 24a8 

  0x000002838040c64c: ;   {optimized virtual_call}
  0x000002838040c64c: 0000 00e8 

  0x000002838040c650: ; ImmutableOopMap {[152]=Oop [168]=Oop }
                      ;*invokeinterface defineClass {reexecute=0 rethrow=0 return_oop=0}
                      ; - java.lang.invoke.MethodHandles$Lookup$ClassDefiner::defineClass@57 (line 2354)
  0x000002838040c650: 4ccc 0600 

  0x000002838040c654: ;   {post_call_nop}
  0x000002838040c654: 0f1f 8400 | 4c06 0000 

  0x000002838040c65c: ;   {metadata(method data for {method} {0x000000000730a250} 'defineClass' '(ZLjava/lang/Object;)Ljava/lang/Class;' in 'java/lang/invoke/MethodHandles$Lookup$ClassDefiner')}
  0x000002838040c65c: 49b8 786d | 8792 8302 | 0000 41ff | 80e0 0100 | 0048 8b94 | 2498 0000 | 008b 721c 

  0x000002838040c678: ; implicit exception: dispatches to 0x000002838040cd75
  0x000002838040c678: 483b 064c 

  0x000002838040c67c: ;   {metadata(method data for {method} {0x000000000730a250} 'defineClass' '(ZLjava/lang/Object;)Ljava/lang/Class;' in 'java/lang/invoke/MethodHandles$Lookup$ClassDefiner')}
  0x000002838040c67c: 8bc6 49b9 | 786d 8792 | 8302 0000 | 458b 4008 | 41ba 0000 | 0007 4d03 | c24d 3b81 | e802 0000 
  0x000002838040c69c: 750d 4983 | 81f0 0200 | 0001 e960 | 0000 004d | 3b81 f802 | 0000 750d | 4983 8100 | 0300 0001 
  0x000002838040c6bc: e94a 0000 | 0049 83b9 | e802 0000 | 0075 174d | 8981 e802 | 0000 49c7 | 81f0 0200 | 0001 0000 
  0x000002838040c6dc: 00e9 2900 | 0000 4983 | b9f8 0200 | 0000 7517 | 4d89 81f8 | 0200 0049 | c781 0003 | 0000 0100 
  0x000002838040c6fc: 0000 e908 | 0000 0049 | 8381 e002 | 0000 0144 | 0fbe 460c | 4183 e001 

  0x000002838040c714: ;   {metadata(method data for {method} {0x000000000730a250} 'defineClass' '(ZLjava/lang/Object;)Ljava/lang/Class;' in 'java/lang/invoke/MethodHandles$Lookup$ClassDefiner')}
  0x000002838040c714: 4585 c049 | b878 6d87 | 9283 0200 | 0041 b910 | 0300 0074 | 0641 b920 | 0300 004b | 8b3c 0848 
  0x000002838040c734: 8d7f 014b | 893c 080f | 8403 0400 | 004c 8bc2 

  0x000002838040c744: ;   {metadata(method data for {method} {0x000000000730a250} 'defineClass' '(ZLjava/lang/Object;)Ljava/lang/Class;' in 'java/lang/invoke/MethodHandles$Lookup$ClassDefiner')}
  0x000002838040c744: 49b9 786d | 8792 8302 | 0000 458b | 4008 41ba | 0000 0007 | 4d03 c24d | 3b81 3803 | 0000 750d 
  0x000002838040c764: 4983 8140 | 0300 0001 | e960 0000 | 004d 3b81 | 4803 0000 | 750d 4983 | 8150 0300 | 0001 e94a 
  0x000002838040c784: 0000 0049 | 83b9 3803 | 0000 0075 | 174d 8981 | 3803 0000 | 49c7 8140 | 0300 0001 | 0000 00e9 
  0x000002838040c7a4: 2900 0000 | 4983 b948 | 0300 0000 | 7517 4d89 | 8148 0300 | 0049 c781 | 5003 0000 | 0100 0000 
  0x000002838040c7c4: e908 0000 | 0049 8381 | 3003 0000 | 018b 7a14 

  0x000002838040c7d4: ;   {metadata(method data for {method} {0x000000000730a250} 'defineClass' '(ZLjava/lang/Object;)Ljava/lang/Class;' in 'java/lang/invoke/MethodHandles$Lookup$ClassDefiner')}
  0x000002838040c7d4: 4885 c049 | b878 6d87 | 9283 0200 | 0041 b960 | 0300 0074 | 0641 b970 | 0300 004b | 8b1c 0848 
  0x000002838040c7f4: 8d5b 014b | 891c 080f | 8487 0200 | 00e9 a001 | 0000 488b | 9424 9800 | 0000 498b | 8788 0500 
  0x000002838040c814: 004d 33d2 | 4d89 9788 | 0500 004d | 33d2 4d89 | 9790 0500 | 008b 721c 

  0x000002838040c82c: ; implicit exception: dispatches to 0x000002838040cd7a
  0x000002838040c82c: 483b 064c 

  0x000002838040c830: ;   {metadata(method data for {method} {0x000000000730a250} 'defineClass' '(ZLjava/lang/Object;)Ljava/lang/Class;' in 'java/lang/invoke/MethodHandles$Lookup$ClassDefiner')}
  0x000002838040c830: 8bc6 49b9 | 786d 8792 | 8302 0000 | 458b 4008 | 41ba 0000 | 0007 4d03 | c24d 3b81 | 0004 0000 
  0x000002838040c850: 750d 4983 | 8108 0400 | 0001 e960 | 0000 004d | 3b81 1004 | 0000 750d | 4983 8118 | 0400 0001 
  0x000002838040c870: e94a 0000 | 0049 83b9 | 0004 0000 | 0075 174d | 8981 0004 | 0000 49c7 | 8108 0400 | 0001 0000 
  0x000002838040c890: 00e9 2900 | 0000 4983 | b910 0400 | 0000 7517 | 4d89 8110 | 0400 0049 | c781 1804 | 0000 0100 
  0x000002838040c8b0: 0000 e908 | 0000 0049 | 8381 f803 | 0000 0144 | 0fbe 460c | 4183 e001 

  0x000002838040c8c8: ;   {metadata(method data for {method} {0x000000000730a250} 'defineClass' '(ZLjava/lang/Object;)Ljava/lang/Class;' in 'java/lang/invoke/MethodHandles$Lookup$ClassDefiner')}
  0x000002838040c8c8: 4585 c049 | b878 6d87 | 9283 0200 | 0041 b928 | 0400 0074 | 0641 b938 | 0400 004b | 8b3c 0848 
  0x000002838040c8e8: 8d7f 014b | 893c 080f | 8417 0300 | 004c 8bc2 

  0x000002838040c8f8: ;   {metadata(method data for {method} {0x000000000730a250} 'defineClass' '(ZLjava/lang/Object;)Ljava/lang/Class;' in 'java/lang/invoke/MethodHandles$Lookup$ClassDefiner')}
  0x000002838040c8f8: 49b9 786d | 8792 8302 | 0000 458b | 4008 41ba | 0000 0007 | 4d03 c24d | 3b81 5004 | 0000 750d 
  0x000002838040c918: 4983 8158 | 0400 0001 | e960 0000 | 004d 3b81 | 6004 0000 | 750d 4983 | 8168 0400 | 0001 e94a 
  0x000002838040c938: 0000 0049 | 83b9 5004 | 0000 0075 | 174d 8981 | 5004 0000 | 49c7 8158 | 0400 0001 | 0000 00e9 
  0x000002838040c958: 2900 0000 | 4983 b960 | 0400 0000 | 7517 4d89 | 8160 0400 | 0049 c781 | 6804 0000 | 0100 0000 
  0x000002838040c978: e908 0000 | 0049 8381 | 4804 0000 | 018b 7a14 

  0x000002838040c988: ;   {metadata(method data for {method} {0x000000000730a250} 'defineClass' '(ZLjava/lang/Object;)Ljava/lang/Class;' in 'java/lang/invoke/MethodHandles$Lookup$ClassDefiner')}
  0x000002838040c988: 49b8 786d | 8792 8302 | 0000 41ff | 8078 0400 | 0048 8984 | 24b8 0000 | 00e9 b101 | 0000 8b52 
  0x000002838040c9a8: 184c 8bc6 

  0x000002838040c9ac: ;   {metadata(method data for {method} {0x000000000730a250} 'defineClass' '(ZLjava/lang/Object;)Ljava/lang/Class;' in 'java/lang/invoke/MethodHandles$Lookup$ClassDefiner')}
  0x000002838040c9ac: 49b9 786d | 8792 8302 | 0000 458b | 4008 41ba | 0000 0007 | 4d03 c24d | 3b81 8803 | 0000 750d 
  0x000002838040c9cc: 4983 8190 | 0300 0001 | e960 0000 | 004d 3b81 | 9803 0000 | 750d 4983 | 81a0 0300 | 0001 e94a 
  0x000002838040c9ec: 0000 0049 | 83b9 8803 | 0000 0075 | 174d 8981 | 8803 0000 | 49c7 8190 | 0300 0001 | 0000 00e9 
  0x000002838040ca0c: 2900 0000 | 4983 b998 | 0300 0000 | 7517 4d89 | 8198 0300 | 0049 c781 | a003 0000 | 0100 0000 
  0x000002838040ca2c: e908 0000 | 0049 8381 | 8003 0000 | 014c 8bc7 | 4c8b c848 | 8bfa 488b | d648 8984 | 24b0 0000 
  0x000002838040ca4c: ;   {optimized virtual_call}
  0x000002838040ca4c: 0066 90e8 

  0x000002838040ca50: ; ImmutableOopMap {[176]=Oop }
                      ;*invokevirtual dumpClass {reexecute=0 rethrow=0 return_oop=0}
                      ; - java.lang.invoke.MethodHandles$Lookup$ClassDefiner::defineClass@134 (line 2362)
  0x000002838040ca50: 8c23 1807 

  0x000002838040ca54: ;   {post_call_nop}
  0x000002838040ca54: 0f1f 8400 | 4c0a 0001 

  0x000002838040ca5c: ;   {metadata(method data for {method} {0x000000000730a250} 'defineClass' '(ZLjava/lang/Object;)Ljava/lang/Class;' in 'java/lang/invoke/MethodHandles$Lookup$ClassDefiner')}
  0x000002838040ca5c: 49b8 786d | 8792 8302 | 0000 41ff | 80b0 0300 | 0048 8b84 | 24b0 0000 | 0048 81c4 | d000 0000 
  0x000002838040ca7c: ;   {poll_return}
  0x000002838040ca7c: 5d49 3b67 | 280f 87f8 | 0200 00c3 | 4889 8424 | b000 0000 | 448b 4a18 

  0x000002838040ca94: ;   {metadata(method data for {method} {0x000000000730a250} 'defineClass' '(ZLjava/lang/Object;)Ljava/lang/Class;' in 'java/lang/invoke/MethodHandles$Lookup$ClassDefiner')}
  0x000002838040ca94: 4c8b c648 | ba78 6d87 | 9283 0200 | 0045 8b40 | 0841 ba00 | 0000 074d | 03c2 4c3b | 82d0 0300 
  0x000002838040cab4: 0075 0d48 | 8382 d803 | 0000 01e9 | 6000 0000 | 4c3b 82e0 | 0300 0075 | 0d48 8382 | e803 0000 
  0x000002838040cad4: 01e9 4a00 | 0000 4883 | bad0 0300 | 0000 7517 | 4c89 82d0 | 0300 0048 | c782 d803 | 0000 0100 
  0x000002838040caf4: 0000 e929 | 0000 0048 | 83ba e003 | 0000 0075 | 174c 8982 | e003 0000 | 48c7 82e8 | 0300 0001 
  0x000002838040cb14: 0000 00e9 | 0800 0000 | 4883 82c8 | 0300 0001 | 4c8b c748 | 8bd6 0f1f 

  0x000002838040cb2c: ;   {optimized virtual_call}
  0x000002838040cb2c: 4400 00e8 

  0x000002838040cb30: ; ImmutableOopMap {[176]=Oop }
                      ;*invokevirtual dumpFailedClass {reexecute=0 rethrow=0 return_oop=0}
                      ; - java.lang.invoke.MethodHandles$Lookup$ClassDefiner::defineClass@150 (line 2364)
  0x000002838040cb30: ac22 1807 

  0x000002838040cb34: ;   {post_call_nop}
  0x000002838040cb34: 0f1f 8400 | 2c0b 0002 | 488b 8424 | b000 0000 | 4881 c4d0 | 0000 005d 

  0x000002838040cb4c: ;   {poll_return}
  0x000002838040cb4c: 493b 6728 | 0f87 3f02 | 0000 c344 | 8b4a 184c 

  0x000002838040cb5c: ;   {metadata(method data for {method} {0x000000000730a250} 'defineClass' '(ZLjava/lang/Object;)Ljava/lang/Class;' in 'java/lang/invoke/MethodHandles$Lookup$ClassDefiner')}
  0x000002838040cb5c: 8bc6 48ba | 786d 8792 | 8302 0000 | 458b 4008 | 41ba 0000 | 0007 4d03 | c24c 3b82 | e804 0000 
  0x000002838040cb7c: 750d 4883 | 82f0 0400 | 0001 e960 | 0000 004c | 3b82 f804 | 0000 750d | 4883 8200 | 0500 0001 
  0x000002838040cb9c: e94a 0000 | 0048 83ba | e804 0000 | 0075 174c | 8982 e804 | 0000 48c7 | 82f0 0400 | 0001 0000 
  0x000002838040cbbc: 00e9 2900 | 0000 4883 | baf8 0400 | 0000 7517 | 4c89 82f8 | 0400 0048 | c782 0005 | 0000 0100 
  0x000002838040cbdc: 0000 e908 | 0000 0048 | 8382 e004 | 0000 014c | 8bc7 488b | d666 0f1f 

  0x000002838040cbf4: ;   {optimized virtual_call}
  0x000002838040cbf4: 4400 00e8 

  0x000002838040cbf8: ; ImmutableOopMap {[184]=Oop }
                      ;*invokevirtual dumpFailedClass {reexecute=0 rethrow=0 return_oop=0}
                      ; - java.lang.invoke.MethodHandles$Lookup$ClassDefiner::defineClass@207 (line 2364)
  0x000002838040cbf8: e421 1807 

  0x000002838040cbfc: ;   {post_call_nop}
  0x000002838040cbfc: 0f1f 8400 | f40b 0003 | 488b 8424 | b800 0000 | e9b7 0100 

  0x000002838040cc10: ;   {metadata({method} {0x000000000730a250} 'defineClass' '(ZLjava/lang/Object;)Ljava/lang/Class;' in 'java/lang/invoke/MethodHandles$Lookup$ClassDefiner')}
  0x000002838040cc10: 0049 ba48 | a230 0700 | 0000 004c | 8954 2408 | 48c7 0424 | ffff ffff 

  0x000002838040cc28: ;   {runtime_call C1 Runtime counter_overflow_blob}
  0x000002838040cc28: e833 3425 

  0x000002838040cc2c: ; ImmutableOopMap {rdx=Oop rax=Oop [144]=Oop [152]=Oop }
                      ;*synchronization entry
                      ; - java.lang.invoke.MethodHandles$Lookup$ClassDefiner::defineClass@-1 (line 2348)
  0x000002838040cc2c: 07e9 4ff5 

  0x000002838040cc30: ;   {runtime_call C1 Runtime throw_null_pointer_exception_blob}
  0x000002838040cc30: ffff e8a9 

  0x000002838040cc34: ; ImmutableOopMap {rdx=Oop rax=Oop r8=Oop [144]=Oop [152]=Oop }
                      ;*invokevirtual lookupClass {reexecute=0 rethrow=0 return_oop=0}
                      ; - java.lang.invoke.MethodHandles$Lookup$ClassDefiner::defineClass@4 (line 2348)
                      ;   {runtime_call C1 Runtime throw_null_pointer_exception_blob}
  0x000002838040cc34: 331c 07e8 

  0x000002838040cc38: ; ImmutableOopMap {rdx=Oop rax=Oop r8=Oop r11=Oop [144]=Oop [152]=Oop }
                      ;*invokevirtual getClassLoader {reexecute=0 rethrow=0 return_oop=0}
                      ; - java.lang.invoke.MethodHandles$Lookup$ClassDefiner::defineClass@9 (line 2349)
  0x000002838040cc38: a433 1c07 

  0x000002838040cc3c: ;   {metadata({method} {0x000000000747a570} 'lookupClassProtectionDomain' '()Ljava/security/ProtectionDomain;' in 'java/lang/invoke/MethodHandles$Lookup')}
  0x000002838040cc3c: 49ba 68a5 | 4707 0000 | 0000 4c89 | 5424 0848 | c704 24ff 

  0x000002838040cc50: ;   {runtime_call C1 Runtime counter_overflow_blob}
  0x000002838040cc50: ffff ffe8 

  0x000002838040cc54: ; ImmutableOopMap {rdx=Oop rax=Oop r8=Oop r11=Oop r9=Oop [144]=Oop [152]=Oop }
                      ;*synchronization entry
                      ; - java.lang.invoke.MethodHandles$Lookup::lookupClassProtectionDomain@-1 (line 2391)
                      ; - java.lang.invoke.MethodHandles$Lookup$ClassDefiner::defineClass@23 (line 2350)
  0x000002838040cc54: 0834 2507 | e9bd f6ff 

  0x000002838040cc5c: ;   {metadata({method} {0x00000000074b3b40} 'getJavaLangAccess' '()Ljdk/internal/access/JavaLangAccess;' in 'jdk/internal/access/SharedSecrets')}
  0x000002838040cc5c: ff49 ba38 | 3b4b 0700 | 0000 004c | 8954 2408 | 48c7 0424 | ffff ffff 

  0x000002838040cc74: ;   {runtime_call C1 Runtime counter_overflow_blob}
  0x000002838040cc74: e8e7 3325 

  0x000002838040cc78: ; ImmutableOopMap {rdx=Oop r11=Oop r9=Oop r8=Oop [144]=Oop [152]=Oop }
                      ;*synchronization entry
                      ; - jdk.internal.access.SharedSecrets::getJavaLangAccess@-1 (line 158)
                      ; - java.lang.invoke.MethodHandles$Lookup::lookupClassProtectionDomain@10 (line 2393)
                      ; - java.lang.invoke.MethodHandles$Lookup$ClassDefiner::defineClass@23 (line 2350)
  0x000002838040cc78: 07e9 04f7 

  0x000002838040cc7c: ;   {runtime_call C1 Runtime throw_incompatible_class_change_error_blob}
  0x000002838040cc7c: ffff e8dd 

  0x000002838040cc80: ; ImmutableOopMap {rdx=Oop r11=Oop r9=Oop r8=Oop rdi=Oop rsi=Oop [144]=Oop [152]=Oop }
                      ;*invokeinterface protectionDomain {reexecute=0 rethrow=0 return_oop=0}
                      ; - java.lang.invoke.MethodHandles$Lookup::lookupClassProtectionDomain@17 (line 2393)
                      ; - java.lang.invoke.MethodHandles$Lookup$ClassDefiner::defineClass@23 (line 2350)
                      ;   {runtime_call C1 Runtime throw_null_pointer_exception_blob}
  0x000002838040cc80: 231c 07e8 

  0x000002838040cc84: ; ImmutableOopMap {rdx=Oop r11=Oop r9=Oop r8=Oop rdi=Oop rsi=Oop [144]=Oop [152]=Oop }
                      ;*invokeinterface protectionDomain {reexecute=0 rethrow=0 return_oop=0}
                      ; - java.lang.invoke.MethodHandles$Lookup::lookupClassProtectionDomain@17 (line 2393)
                      ; - java.lang.invoke.MethodHandles$Lookup$ClassDefiner::defineClass@23 (line 2350)
  0x000002838040cc84: 5833 1c07 

  0x000002838040cc88: ;   {metadata({method} {0x0000000007191d30} 'protectionDomain' '(Ljava/lang/Class;)Ljava/security/ProtectionDomain;' in 'java/lang/System$1')}
  0x000002838040cc88: 49ba 281d | 1907 0000 | 0000 4c89 | 5424 0848 | c704 24ff 

  0x000002838040cc9c: ;   {runtime_call C1 Runtime counter_overflow_blob}
  0x000002838040cc9c: ffff ffe8 

  0x000002838040cca0: ; ImmutableOopMap {rdx=Oop r11=Oop r9=Oop r8=Oop rsi=Oop [144]=Oop [152]=Oop }
                      ;*synchronization entry
                      ; - java.lang.System$1::protectionDomain@-1 (line 2174)
                      ; - java.lang.invoke.MethodHandles$Lookup::lookupClassProtectionDomain@17 (line 2393)
                      ; - java.lang.invoke.MethodHandles$Lookup$ClassDefiner::defineClass@23 (line 2350)
  0x000002838040cca0: bc33 2507 | e96c f7ff 

  0x000002838040cca8: ;   {runtime_call C1 Runtime throw_null_pointer_exception_blob}
  0x000002838040cca8: ffe8 3233 

  0x000002838040ccac: ; ImmutableOopMap {rdx=Oop r11=Oop r9=Oop r8=Oop rsi=Oop [144]=Oop [152]=Oop }
                      ;*invokevirtual getProtectionDomain {reexecute=0 rethrow=0 return_oop=0}
                      ; - java.lang.System$1::protectionDomain@1 (line 2174)
                      ; - java.lang.invoke.MethodHandles$Lookup::lookupClassProtectionDomain@17 (line 2393)
                      ; - java.lang.invoke.MethodHandles$Lookup$ClassDefiner::defineClass@23 (line 2350)
                      ;   {metadata({method} {0x0000000007197240} 'getProtectionDomain' '()Ljava/security/ProtectionDomain;' in 'java/lang/Class')}
  0x000002838040ccac: 1c07 49ba | 3872 1907 | 0000 0000 | 4c89 5424 | 0848 c704 | 24ff ffff 

  0x000002838040ccc4: ;   {runtime_call C1 Runtime counter_overflow_blob}
  0x000002838040ccc4: ffe8 9633 

  0x000002838040ccc8: ; ImmutableOopMap {rdx=Oop r11=Oop r9=Oop r8=Oop rsi=Oop [144]=Oop [152]=Oop }
                      ;*synchronization entry
                      ; - java.lang.Class::getProtectionDomain@-1 (line 2723)
                      ; - java.lang.System$1::protectionDomain@1 (line 2174)
                      ; - java.lang.invoke.MethodHandles$Lookup::lookupClassProtectionDomain@17 (line 2393)
                      ; - java.lang.invoke.MethodHandles$Lookup$ClassDefiner::defineClass@23 (line 2350)
  0x000002838040ccc8: 2507 e9ff 

  0x000002838040cccc: ;   {oop(nullptr)}
  0x000002838040cccc: f7ff ff48 | bf00 0000 | 0000 0000 | 0050 488b | 4710 4c3b | b838 0100 | 0058 750a | e91d f8ff 
  0x000002838040ccec: ffb8 0023 

  0x000002838040ccf0: ;   {runtime_call C1 Runtime load_mirror_patching_blob}
  0x000002838040ccf0: 190a e8e9 

  0x000002838040ccf4: ; ImmutableOopMap {rdx=Oop r11=Oop r9=Oop r8=Oop [144]=Oop [152]=Oop }
                      ;*getstatic allPermDomain {reexecute=1 rethrow=0 return_oop=0}
                      ; - (reexecute) java.lang.Class::getProtectionDomain@7 (line 2724)
                      ; - java.lang.System$1::protectionDomain@1 (line 2174)
                      ; - java.lang.invoke.MethodHandles$Lookup::lookupClassProtectionDomain@17 (line 2393)
                      ; - java.lang.invoke.MethodHandles$Lookup$ClassDefiner::defineClass@23 (line 2350)
  0x000002838040ccf4: 0625 07e9 | 04f8 ffff 

  0x000002838040ccfc: ;   {runtime_call C1 Runtime throw_null_pointer_exception_blob}
  0x000002838040ccfc: e8df 321c 

  0x000002838040cd00: ; ImmutableOopMap {rdx=Oop r11=Oop r9=Oop r8=Oop rdi=Oop [144]=Oop [152]=Oop }
                      ;*getstatic allPermDomain {reexecute=1 rethrow=0 return_oop=0}
                      ; - (reexecute) java.lang.Class::getProtectionDomain@7 (line 2724)
                      ; - java.lang.System$1::protectionDomain@1 (line 2174)
                      ; - java.lang.invoke.MethodHandles$Lookup::lookupClassProtectionDomain@17 (line 2393)
                      ; - java.lang.invoke.MethodHandles$Lookup$ClassDefiner::defineClass@23 (line 2350)
  0x000002838040cd00: 078b bf00 | 0000 00b8 | 000b 0506 

  0x000002838040cd0c: ;   {runtime_call C1 Runtime access_field_patching_blob}
  0x000002838040cd0c: e84f 1425 

  0x000002838040cd10: ; ImmutableOopMap {rdx=Oop r11=Oop r9=Oop r8=Oop rdi=Oop [144]=Oop [152]=Oop }
                      ;*getstatic allPermDomain {reexecute=1 rethrow=0 return_oop=0}
                      ; - (reexecute) java.lang.Class::getProtectionDomain@7 (line 2724)
                      ; - java.lang.System$1::protectionDomain@1 (line 2174)
                      ; - java.lang.invoke.MethodHandles$Lookup::lookupClassProtectionDomain@17 (line 2393)
                      ; - java.lang.invoke.MethodHandles$Lookup$ClassDefiner::defineClass@23 (line 2350)
  0x000002838040cd10: 07e9 faf7 | ffff 418b | 7018 4883 | fe00 0f84 | fff7 ffff | 4889 3424 

  0x000002838040cd28: ;   {runtime_call g1_pre_barrier_slow}
  0x000002838040cd28: e833 3925 | 07e9 f1f7 | ffff 4883 | ff00 0f84 | 08f8 ffff | 4c89 0424 

  0x000002838040cd40: ;   {runtime_call g1_post_barrier_slow}
  0x000002838040cd40: e81b 3c25 | 07e9 faf7 

  0x000002838040cd48: ;   {metadata({method} {0x00000000074b3b40} 'getJavaLangAccess' '()Ljdk/internal/access/JavaLangAccess;' in 'jdk/internal/access/SharedSecrets')}
  0x000002838040cd48: ffff 49ba | 383b 4b07 | 0000 0000 | 4c89 5424 | 0848 c704 | 24ff ffff 

  0x000002838040cd60: ;   {runtime_call C1 Runtime counter_overflow_blob}
  0x000002838040cd60: ffe8 fa32 

  0x000002838040cd64: ; ImmutableOopMap {rdx=Oop r11=Oop r9=Oop rcx=Oop [144]=Oop [152]=Oop }
                      ;*synchronization entry
                      ; - jdk.internal.access.SharedSecrets::getJavaLangAccess@-1 (line 158)
                      ; - java.lang.invoke.MethodHandles$Lookup$ClassDefiner::defineClass@35 (line 2353)
  0x000002838040cd64: 2507 e937 

  0x000002838040cd68: ;   {runtime_call C1 Runtime throw_incompatible_class_change_error_blob}
  0x000002838040cd68: f8ff ffe8 

  0x000002838040cd6c: ; ImmutableOopMap {r11=Oop r9=Oop rcx=Oop r13=Oop rdi=Oop rsi=Oop [144]=Oop [152]=Oop }
                      ;*invokeinterface defineClass {reexecute=0 rethrow=0 return_oop=0}
                      ; - java.lang.invoke.MethodHandles$Lookup$ClassDefiner::defineClass@57 (line 2354)
  0x000002838040cd6c: f022 1c07 

  0x000002838040cd70: ;   {runtime_call C1 Runtime throw_null_pointer_exception_blob}
  0x000002838040cd70: e86b 321c 

  0x000002838040cd74: ; ImmutableOopMap {r11=Oop r9=Oop rcx=Oop r13=Oop rdi=Oop rsi=Oop [144]=Oop [152]=Oop }
                      ;*invokeinterface defineClass {reexecute=0 rethrow=0 return_oop=0}
                      ; - java.lang.invoke.MethodHandles$Lookup$ClassDefiner::defineClass@57 (line 2354)
                      ;   {runtime_call C1 Runtime throw_null_pointer_exception_blob}
  0x000002838040cd74: 07e8 6632 

  0x000002838040cd78: ; ImmutableOopMap {rax=Oop rdx=Oop rsi=Oop [152]=Oop }
                      ;*invokevirtual isEnabled {reexecute=0 rethrow=0 return_oop=0}
                      ; - java.lang.invoke.MethodHandles$Lookup$ClassDefiner::defineClass@105 (line 2359)
                      ;   {runtime_call C1 Runtime throw_null_pointer_exception_blob}
  0x000002838040cd78: 1c07 e861 

  0x000002838040cd7c: ; ImmutableOopMap {rdx=Oop rax=Oop rsi=Oop [152]=Oop }
                      ;*invokevirtual isEnabled {reexecute=0 rethrow=0 return_oop=0}
                      ; - java.lang.invoke.MethodHandles$Lookup$ClassDefiner::defineClass@162 (line 2359)
                      ;   {internal_word}
  0x000002838040cd7c: 321c 0749 | ba7d ca40 | 8083 0200 | 004d 8997 | e004 0000 

  0x000002838040cd90: ;   {runtime_call SafepointBlob}
  0x000002838040cd90: e9cb 4118 

  0x000002838040cd94: ;   {internal_word}
  0x000002838040cd94: 0749 ba4c | cb40 8083 | 0200 004d | 8997 e004 

  0x000002838040cda4: ;   {runtime_call SafepointBlob}
  0x000002838040cda4: 0000 e9b5 | 4118 0749 | 8b87 8805 | 0000 49c7 | 8788 0500 | 0000 0000 | 0049 c787 | 9005 0000 
  0x000002838040cdc4: 0000 0000 | 4881 c4d0 | 0000 005d 

  0x000002838040cdd0: ;   {runtime_call C1 Runtime unwind_exception_blob}
  0x000002838040cdd0: e90b f21b | 07f4 f4f4 
[Stub Code]
  0x000002838040cdd8: ;   {other}
  0x000002838040cdd8: 0f1f 4400 

  0x000002838040cddc: ;   {static_stub}
  0x000002838040cddc: 0048 bb48 | 2119 0700 

  0x000002838040cde4: ;   {runtime_call I2C/C2I adapters}
  0x000002838040cde4: 0000 00e9 | f9e9 1807 

  0x000002838040cdec: ;   {static_stub}
  0x000002838040cdec: 48bb 0000 | 0000 0000 

  0x000002838040cdf4: ;   {runtime_call nmethod}
  0x000002838040cdf4: 0000 e9fb 

  0x000002838040cdf8: ;   {static_stub}
  0x000002838040cdf8: ffff ff48 | bb00 0000 | 0000 0000 

  0x000002838040ce04: ;   {runtime_call nmethod}
  0x000002838040ce04: 00e9 fbff 

  0x000002838040ce08: ;   {runtime_call C1 Runtime handle_exception_from_callee_blob}
  0x000002838040ce08: ffff e8d1 

  0x000002838040ce0c: ;   {external_word}
  0x000002838040ce0c: 2025 0748 | b960 2067 | 71fe 7f00 | 0048 83e4 

  0x000002838040ce1c: ;   {runtime_call}
  0x000002838040ce1c: f048 b850 | a821 71fe | 7f00 00ff 

  0x000002838040ce28: ;   {section_word}
  0x000002838040ce28: d0f4 49ba | 2ace 4080 | 8302 0000 

  0x000002838040ce34: ;   {runtime_call DeoptimizationBlob}
  0x000002838040ce34: 4152 e925 | 4418 07f4 | f4f4 f4f4 
[/MachCode]


---------------  P R O C E S S  ---------------

Threads class SMR info:
_java_thread_list=0x000002839ad5a0d0, length=85, elements={
0x00000283f33995c0, 0x00000283ff53ad80, 0x00000283ff53b7e0, 0x00000283ff53c640,
0x00000283ff53e360, 0x00000283ff53ef20, 0x00000283ff53fae0, 0x00000283ff5409d0,
0x00000283ff55e170, 0x0000028391140000, 0x00000283911f1f90, 0x0000028396ea9990,
0x0000028396fae040, 0x0000028396ff6da0, 0x00000283ff5421a0, 0x00000283ff542970,
0x000002839661fe80, 0x0000028396626be0, 0x00000283966244d0, 0x0000028396624ca0,
0x0000028396620650, 0x00000283973e8640, 0x00000283973e95e0, 0x00000283973e3820,
0x00000283973e3ff0, 0x00000283973e5f30, 0x00000283973e4f90, 0x000002839903f030,
0x0000028399039a40, 0x000002839903a9e0, 0x000002839903b1b0, 0x0000028399038aa0,
0x00000283962322a0, 0x000002839622d480, 0x000002839622e420, 0x00000283962341e0,
0x000002839622f3c0, 0x000002839622fb90, 0x0000028396230360, 0x00000283ff5938d0,
0x00000283ff597750, 0x00000283ff595810, 0x00000283ff594870, 0x00000283ff595040,
0x00000283ff5967b0, 0x0000028397d492f0, 0x0000028397d42590, 0x0000028397d444d0,
0x0000028397d48b20, 0x000002839b00cc70, 0x000002839b00dc10, 0x000002839b00e3e0,
0x000002839addc3b0, 0x000002839ade19a0, 0x000002839ade11d0, 0x000002839adde2f0,
0x000002839adda470, 0x000002839addcb80, 0x000002839addac40, 0x000002839a68a770,
0x000002839a68e5f0, 0x000002839a68c6b0, 0x000002839a68de20, 0x000002839a68bee0,
0x000002839a68edc0, 0x000002839a68fd60, 0x000002839a690530, 0x000002839a6914d0,
0x000002839a689fa0, 0x000002839a692470, 0x000002839a692c40, 0x000002839a693410,
0x000002839a694b80, 0x000002839a6962f0, 0x000002839a696ac0, 0x000002839a309ee0,
0x000002839a306060, 0x000002839a30c5f0, 0x000002839a3077d0, 0x000002839a30a6b0,
0x000002839a307fa0, 0x000002839a30d590, 0x000002839a308f40, 0x000002839a311be0,
0x000002839a30e530
}

Java Threads: ( => current thread )
  0x00000283f33995c0 JavaThread "main"                              [_thread_blocked, id=12712, stack(0x0000008e9bd00000,0x0000008e9be00000) (1024K)]
  0x00000283ff53ad80 JavaThread "Reference Handler"          daemon [_thread_blocked, id=11412, stack(0x0000008e9c500000,0x0000008e9c600000) (1024K)]
  0x00000283ff53b7e0 JavaThread "Finalizer"                  daemon [_thread_blocked, id=20396, stack(0x0000008e9c600000,0x0000008e9c700000) (1024K)]
  0x00000283ff53c640 JavaThread "Signal Dispatcher"          daemon [_thread_blocked, id=8112, stack(0x0000008e9c700000,0x0000008e9c800000) (1024K)]
  0x00000283ff53e360 JavaThread "Attach Listener"            daemon [_thread_blocked, id=25980, stack(0x0000008e9c800000,0x0000008e9c900000) (1024K)]
  0x00000283ff53ef20 JavaThread "Service Thread"             daemon [_thread_blocked, id=18040, stack(0x0000008e9c900000,0x0000008e9ca00000) (1024K)]
  0x00000283ff53fae0 JavaThread "Monitor Deflation Thread"   daemon [_thread_blocked, id=12072, stack(0x0000008e9ca00000,0x0000008e9cb00000) (1024K)]
  0x00000283ff5409d0 JavaThread "C2 CompilerThread0"         daemon [_thread_in_native, id=18316, stack(0x0000008e9cb00000,0x0000008e9cc00000) (1024K)]
  0x00000283ff55e170 JavaThread "C1 CompilerThread0"         daemon [_thread_blocked, id=19780, stack(0x0000008e9cc00000,0x0000008e9cd00000) (1024K)]
  0x0000028391140000 JavaThread "Common-Cleaner"             daemon [_thread_blocked, id=5188, stack(0x0000008e9cd00000,0x0000008e9ce00000) (1024K)]
  0x00000283911f1f90 JavaThread "Notification Thread"        daemon [_thread_blocked, id=27352, stack(0x0000008e9ce00000,0x0000008e9cf00000) (1024K)]
  0x0000028396ea9990 JavaThread "Daemon health stats"               [_thread_blocked, id=2884, stack(0x0000008e9d000000,0x0000008e9d100000) (1024K)]
  0x0000028396fae040 JavaThread "Incoming local TCP Connector on port 62517"        [_thread_in_native, id=31172, stack(0x0000008e9d100000,0x0000008e9d200000) (1024K)]
  0x0000028396ff6da0 JavaThread "Daemon periodic checks"            [_thread_blocked, id=11404, stack(0x0000008e9d200000,0x0000008e9d300000) (1024K)]
  0x00000283ff5421a0 JavaThread "Daemon"                            [_thread_blocked, id=8884, stack(0x0000008e9d300000,0x0000008e9d400000) (1024K)]
  0x00000283ff542970 JavaThread "Handler for socket connection from /127.0.0.1:62517 to /127.0.0.1:62518"        [_thread_in_native, id=20264, stack(0x0000008e9d400000,0x0000008e9d500000) (1024K)]
  0x000002839661fe80 JavaThread "Cancel handler"                    [_thread_blocked, id=30016, stack(0x0000008e9d500000,0x0000008e9d600000) (1024K)]
  0x0000028396626be0 JavaThread "Daemon worker"                     [_thread_blocked, id=20848, stack(0x0000008e9d600000,0x0000008e9d700000) (1024K)]
  0x00000283966244d0 JavaThread "Asynchronous log dispatcher for DefaultDaemonConnection: socket connection from /127.0.0.1:62517 to /127.0.0.1:62518"        [_thread_blocked, id=2156, stack(0x0000008e9d700000,0x0000008e9d800000) (1024K)]
  0x0000028396624ca0 JavaThread "Stdin handler"                     [_thread_blocked, id=25536, stack(0x0000008e9d800000,0x0000008e9d900000) (1024K)]
  0x0000028396620650 JavaThread "Daemon client event forwarder"        [_thread_blocked, id=2292, stack(0x0000008e9d900000,0x0000008e9da00000) (1024K)]
  0x00000283973e8640 JavaThread "Cache worker for journal cache (C:\Users\padi kering\.gradle\caches\journal-1)"        [_thread_blocked, id=15484, stack(0x0000008e9e000000,0x0000008e9e100000) (1024K)]
  0x00000283973e95e0 JavaThread "File lock request listener"        [_thread_in_native, id=1876, stack(0x0000008e9e100000,0x0000008e9e200000) (1024K)]
  0x00000283973e3820 JavaThread "Cache worker for file hash cache (C:\Users\padi kering\.gradle\caches\9.0.0\fileHashes)"        [_thread_blocked, id=14992, stack(0x0000008e9e200000,0x0000008e9e300000) (1024K)]
  0x00000283973e3ff0 JavaThread "Cache worker for file hash cache (C:\Users\padi kering\Documents\KERJAAN\Manajemen Warung\fe\.gradle\9.0.0\fileHashes)"        [_thread_blocked, id=31444, stack(0x0000008e9e500000,0x0000008e9e600000) (1024K)]
  0x00000283973e5f30 JavaThread "Cache worker for checksums cache (C:\Users\padi kering\Documents\KERJAAN\Manajemen Warung\fe\.gradle\9.0.0\checksums)"        [_thread_blocked, id=14104, stack(0x0000008e9e600000,0x0000008e9e700000) (1024K)]
  0x00000283973e4f90 JavaThread "Cache worker for Build Output Cleanup Cache (C:\Users\padi kering\Documents\KERJAAN\Manajemen Warung\fe\.gradle\buildOutputCleanup)"        [_thread_blocked, id=26104, stack(0x0000008e9e700000,0x0000008e9e800000) (1024K)]
  0x000002839903f030 JavaThread "Cache worker for file content cache (C:\Users\padi kering\.gradle\caches\9.0.0\fileContent)"        [_thread_blocked, id=21460, stack(0x0000008e9e800000,0x0000008e9e900000) (1024K)]
  0x0000028399039a40 JavaThread "File watcher server"        daemon [_thread_in_native, id=2016, stack(0x0000008e9e300000,0x0000008e9e400000) (1024K)]
  0x000002839903a9e0 JavaThread "File watcher consumer"      daemon [_thread_blocked, id=9880, stack(0x0000008e9e900000,0x0000008e9ea00000) (1024K)]
  0x000002839903b1b0 JavaThread "Cache worker for cache directory md-supplier (C:\Users\padi kering\.gradle\caches\9.0.0\md-supplier)"        [_thread_blocked, id=33100, stack(0x0000008e9ea00000,0x0000008e9eb00000) (1024K)]
  0x0000028399038aa0 JavaThread "Cache worker for cache directory md-rule (C:\Users\padi kering\.gradle\caches\9.0.0\md-rule)"        [_thread_blocked, id=20100, stack(0x0000008e9eb00000,0x0000008e9ec00000) (1024K)]
  0x00000283962322a0 JavaThread "Unconstrained build operations"        [_thread_blocked, id=3764, stack(0x0000008e9ec00000,0x0000008e9ed00000) (1024K)]
  0x000002839622d480 JavaThread "Unconstrained build operations Thread 2"        [_thread_blocked, id=30556, stack(0x0000008e9ed00000,0x0000008e9ee00000) (1024K)]
  0x000002839622e420 JavaThread "Unconstrained build operations Thread 3"        [_thread_blocked, id=4460, stack(0x0000008e9ee00000,0x0000008e9ef00000) (1024K)]
  0x00000283962341e0 JavaThread "Configuration cache report writer"        [_thread_blocked, id=18472, stack(0x0000008e9ef00000,0x0000008e9f000000) (1024K)]
  0x000002839622f3c0 JavaThread "Unconstrained build operations Thread 4"        [_thread_blocked, id=16216, stack(0x0000008e9f000000,0x0000008e9f100000) (1024K)]
  0x000002839622fb90 JavaThread "Unconstrained build operations Thread 5"        [_thread_blocked, id=18576, stack(0x0000008e9f100000,0x0000008e9f200000) (1024K)]
  0x0000028396230360 JavaThread "Unconstrained build operations Thread 6"        [_thread_blocked, id=16200, stack(0x0000008e9f200000,0x0000008e9f300000) (1024K)]
  0x00000283ff5938d0 JavaThread "Unconstrained build operations Thread 7"        [_thread_blocked, id=14836, stack(0x0000008e9f300000,0x0000008e9f400000) (1024K)]
  0x00000283ff597750 JavaThread "Unconstrained build operations Thread 8"        [_thread_blocked, id=17576, stack(0x0000008e9f400000,0x0000008e9f500000) (1024K)]
  0x00000283ff595810 JavaThread "Unconstrained build operations Thread 9"        [_thread_blocked, id=24832, stack(0x0000008e9f500000,0x0000008e9f600000) (1024K)]
  0x00000283ff594870 JavaThread "Unconstrained build operations Thread 10"        [_thread_blocked, id=19272, stack(0x0000008e9f600000,0x0000008e9f700000) (1024K)]
  0x00000283ff595040 JavaThread "Unconstrained build operations Thread 11"        [_thread_blocked, id=10468, stack(0x0000008e9f700000,0x0000008e9f800000) (1024K)]
  0x00000283ff5967b0 JavaThread "Unconstrained build operations Thread 12"        [_thread_blocked, id=14800, stack(0x0000008e9f800000,0x0000008e9f900000) (1024K)]
  0x0000028397d492f0 JavaThread "Memory manager"                    [_thread_blocked, id=12432, stack(0x0000008e9f900000,0x0000008e9fa00000) (1024K)]
  0x0000028397d42590 JavaThread "Problems report writer"            [_thread_blocked, id=3528, stack(0x0000008e9fa00000,0x0000008e9fb00000) (1024K)]
  0x0000028397d444d0 JavaThread "build event listener"              [_thread_blocked, id=5380, stack(0x0000008e9fb00000,0x0000008e9fc00000) (1024K)]
  0x0000028397d48b20 JavaThread "Build operations"                  [_thread_blocked, id=23660, stack(0x0000008e9fc00000,0x0000008e9fd00000) (1024K)]
  0x000002839b00cc70 JavaThread "Unconstrained build operations Thread 13"        [_thread_blocked, id=26472, stack(0x0000008e9fd00000,0x0000008e9fe00000) (1024K)]
  0x000002839b00dc10 JavaThread "Unconstrained build operations Thread 14"        [_thread_blocked, id=13924, stack(0x0000008e9fe00000,0x0000008e9ff00000) (1024K)]
  0x000002839b00e3e0 JavaThread "Unconstrained build operations Thread 15"        [_thread_blocked, id=26900, stack(0x0000008e9ff00000,0x0000008ea0000000) (1024K)]
  0x000002839addc3b0 JavaThread "Unconstrained build operations Thread 16"        [_thread_blocked, id=28408, stack(0x0000008ea0000000,0x0000008ea0100000) (1024K)]
  0x000002839ade19a0 JavaThread "Unconstrained build operations Thread 17"        [_thread_blocked, id=32376, stack(0x0000008ea0100000,0x0000008ea0200000) (1024K)]
  0x000002839ade11d0 JavaThread "Unconstrained build operations Thread 18"        [_thread_blocked, id=20448, stack(0x0000008ea0200000,0x0000008ea0300000) (1024K)]
  0x000002839adde2f0 JavaThread "Unconstrained build operations Thread 19"        [_thread_blocked, id=6560, stack(0x0000008ea0300000,0x0000008ea0400000) (1024K)]
  0x000002839adda470 JavaThread "Unconstrained build operations Thread 20"        [_thread_blocked, id=2632, stack(0x0000008ea0400000,0x0000008ea0500000) (1024K)]
  0x000002839addcb80 JavaThread "Unconstrained build operations Thread 21"        [_thread_blocked, id=21156, stack(0x0000008ea0500000,0x0000008ea0600000) (1024K)]
  0x000002839addac40 JavaThread "Unconstrained build operations Thread 22"        [_thread_blocked, id=16992, stack(0x0000008ea0600000,0x0000008ea0700000) (1024K)]
  0x000002839a68a770 JavaThread "Unconstrained build operations Thread 23"        [_thread_blocked, id=29000, stack(0x0000008ea0700000,0x0000008ea0800000) (1024K)]
  0x000002839a68e5f0 JavaThread "Build operations Thread 2"         [_thread_blocked, id=18224, stack(0x0000008ea0900000,0x0000008ea0a00000) (1024K)]
  0x000002839a68c6b0 JavaThread "included builds"                   [_thread_blocked, id=31592, stack(0x0000008ea0800000,0x0000008ea0900000) (1024K)]
  0x000002839a68de20 JavaThread "Execution worker"                  [_thread_blocked, id=26372, stack(0x0000008ea0a00000,0x0000008ea0b00000) (1024K)]
  0x000002839a68bee0 JavaThread "Execution worker Thread 2"         [_thread_blocked, id=20772, stack(0x0000008ea0b00000,0x0000008ea0c00000) (1024K)]
  0x000002839a68edc0 JavaThread "Execution worker Thread 3"         [_thread_blocked, id=2324, stack(0x0000008ea0c00000,0x0000008ea0d00000) (1024K)]
  0x000002839a68fd60 JavaThread "Cache worker for execution history cache (C:\Users\padi kering\Documents\KERJAAN\Manajemen Warung\fe\.gradle\9.0.0\executionHistory)"        [_thread_blocked, id=4712, stack(0x0000008ea0d00000,0x0000008ea0e00000) (1024K)]
  0x000002839a690530 JavaThread "Unconstrained build operations Thread 24"        [_thread_blocked, id=5824, stack(0x0000008ea0e00000,0x0000008ea0f00000) (1024K)]
  0x000002839a6914d0 JavaThread "Unconstrained build operations Thread 25"        [_thread_blocked, id=9356, stack(0x0000008ea0f00000,0x0000008ea1000000) (1024K)]
  0x000002839a689fa0 JavaThread "Unconstrained build operations Thread 26"        [_thread_blocked, id=13068, stack(0x0000008ea1000000,0x0000008ea1100000) (1024K)]
  0x000002839a692470 JavaThread "Unconstrained build operations Thread 27"        [_thread_blocked, id=4256, stack(0x0000008ea1100000,0x0000008ea1200000) (1024K)]
  0x000002839a692c40 JavaThread "Unconstrained build operations Thread 28"        [_thread_blocked, id=31212, stack(0x0000008ea1200000,0x0000008ea1300000) (1024K)]
  0x000002839a693410 JavaThread "Unconstrained build operations Thread 29"        [_thread_blocked, id=24568, stack(0x0000008ea1300000,0x0000008ea1400000) (1024K)]
  0x000002839a694b80 JavaThread "Unconstrained build operations Thread 30"        [_thread_blocked, id=2836, stack(0x0000008ea1400000,0x0000008ea1500000) (1024K)]
  0x000002839a6962f0 JavaThread "Unconstrained build operations Thread 31"        [_thread_blocked, id=19260, stack(0x0000008ea1500000,0x0000008ea1600000) (1024K)]
  0x000002839a696ac0 JavaThread "Unconstrained build operations Thread 32"        [_thread_blocked, id=32484, stack(0x0000008ea1600000,0x0000008ea1700000) (1024K)]
  0x000002839a309ee0 JavaThread "Unconstrained build operations Thread 33"        [_thread_blocked, id=18124, stack(0x0000008ea1700000,0x0000008ea1800000) (1024K)]
  0x000002839a306060 JavaThread "Unconstrained build operations Thread 34"        [_thread_blocked, id=23844, stack(0x0000008ea1800000,0x0000008ea1900000) (1024K)]
  0x000002839a30c5f0 JavaThread "Unconstrained build operations Thread 35"        [_thread_blocked, id=30532, stack(0x0000008ea1900000,0x0000008ea1a00000) (1024K)]
  0x000002839a3077d0 JavaThread "Unconstrained build operations Thread 36"        [_thread_blocked, id=20980, stack(0x0000008ea1a00000,0x0000008ea1b00000) (1024K)]
  0x000002839a30a6b0 JavaThread "Unconstrained build operations Thread 37"        [_thread_blocked, id=1864, stack(0x0000008ea1b00000,0x0000008ea1c00000) (1024K)]
  0x000002839a307fa0 JavaThread "Unconstrained build operations Thread 38"        [_thread_blocked, id=8796, stack(0x0000008ea1c00000,0x0000008ea1d00000) (1024K)]
  0x000002839a30d590 JavaThread "Unconstrained build operations Thread 39"        [_thread_blocked, id=12168, stack(0x0000008ea1d00000,0x0000008ea1e00000) (1024K)]
  0x000002839a308f40 JavaThread "Unconstrained build operations Thread 40"        [_thread_blocked, id=11540, stack(0x0000008ea1e00000,0x0000008ea1f00000) (1024K)]
  0x000002839a311be0 JavaThread "WorkerExecutor Queue"              [_thread_blocked, id=13736, stack(0x0000008e9ba00000,0x0000008e9bb00000) (1024K)]
=>0x000002839a30e530 JavaThread "pool-2-thread-1"                   [_thread_in_vm, id=18876, stack(0x0000008e9bb00000,0x0000008e9bc00000) (1024K)]
Total: 85

Other Threads:
  0x00000283ff52b1f0 VMThread "VM Thread"                           [id=17568, stack(0x0000008e9c400000,0x0000008e9c500000) (1024K)]
  0x00000283ff51cd80 WatcherThread "VM Periodic Task Thread"        [id=9572, stack(0x0000008e9c300000,0x0000008e9c400000) (1024K)]
  0x00000283f33fe120 WorkerThread "GC Thread#0"                     [id=24228, stack(0x0000008e9be00000,0x0000008e9bf00000) (1024K)]
  0x00000283966550a0 WorkerThread "GC Thread#1"                     [id=16224, stack(0x0000008e9cf00000,0x0000008e9d000000) (1024K)]
  0x0000028391220410 WorkerThread "GC Thread#2"                     [id=10900, stack(0x0000008e9da00000,0x0000008e9db00000) (1024K)]
  0x0000028391220cb0 WorkerThread "GC Thread#3"                     [id=20992, stack(0x0000008e9db00000,0x0000008e9dc00000) (1024K)]
  0x0000028391221100 WorkerThread "GC Thread#4"                     [id=7504, stack(0x0000008e9dc00000,0x0000008e9dd00000) (1024K)]
  0x0000028391221df0 WorkerThread "GC Thread#5"                     [id=30536, stack(0x0000008e9dd00000,0x0000008e9de00000) (1024K)]
  0x00000283973e1960 WorkerThread "GC Thread#6"                     [id=14304, stack(0x0000008e9de00000,0x0000008e9df00000) (1024K)]
  0x00000283973da940 WorkerThread "GC Thread#7"                     [id=8320, stack(0x0000008e9df00000,0x0000008e9e000000) (1024K)]
  0x00000283f34171f0 ConcurrentGCThread "G1 Main Marker"            [id=18184, stack(0x0000008e9bf00000,0x0000008e9c000000) (1024K)]
  0x00000283f3417d90 WorkerThread "G1 Conc#0"                       [id=15868, stack(0x0000008e9c000000,0x0000008e9c100000) (1024K)]
  0x00000283973dd010 WorkerThread "G1 Conc#1"                       [id=5880, stack(0x0000008e9e400000,0x0000008e9e500000) (1024K)]
  0x00000283f345e0f0 ConcurrentGCThread "G1 Refine#0"               [id=6632, stack(0x0000008e9c100000,0x0000008e9c200000) (1024K)]
  0x00000283ff3f50b0 ConcurrentGCThread "G1 Service"                [id=31068, stack(0x0000008e9c200000,0x0000008e9c300000) (1024K)]
Total: 15

Threads with active compile tasks:
C2 CompilerThread0  63267 15701       4       java.lang.invoke.MethodHandleNatives::findMethodHandleType (7 bytes)
Total: 1

VM state: not at safepoint (normal execution)

VM Mutex/Monitor currently owned by a thread:  ([mutex/lock_event])
[0x00007ffe719674a8] Metaspace_lock - owner thread: 0x000002839a30e530

Heap address: 0x0000000080000000, size: 2048 MB, Compressed Oops mode: 32-bit

CDS archive(s) mapped at: [0x0000000007000000-0x0000000007dd0000-0x0000000007dd0000), size 14483456, SharedBaseAddress: 0x0000000007000000, ArchiveRelocationMode: 1.
Compressed class space mapped at: 0x0000000008000000-0x0000000048000000, reserved size: 1073741824
UseCompressedClassPointers 1, UseCompactObjectHeaders 0
Narrow klass pointer bits 32, Max shift 3
Narrow klass base: 0x0000000007000000, Narrow klass shift: 0
Encoding Range: [0x0000000007000000 - 0x0000000107000000), (4294967296 bytes)
Klass Range:    [0x0000000007010000 - 0x0000000048000000), (1090453504 bytes)
Klass ID Range:  [65536 - 1090519033) (1090453497)
Protection zone: [0x0000000007000000 - 0x0000000007010000), (65536 bytes)

GC Precious Log:
 CardTable entry size: 512
 Card Set container configuration: InlinePtr #cards 5 size 8 Array Of Cards #cards 10 size 36 Howl #buckets 4 coarsen threshold 1843 Howl Bitmap #cards 512 size 80 coarsen threshold 460 Card regions per heap region 1 cards per card region 2048
 CPUs: 8 total, 8 available
 Memory: 6062M
 Large Page Support: Disabled
 NUMA Support: Disabled
 Compressed Oops: Enabled (32-bit)
 Heap Region Size: 1M
 Heap Min Capacity: 8M
 Heap Initial Capacity: 96M
 Heap Max Capacity: 2G
 Pre-touch: Disabled
 Parallel Workers: 8
 Concurrent Workers: 2
 Concurrent Refinement Workers: 8
 Periodic GC: Disabled

Heap:
 garbage-first heap   total reserved 2097152K, committed 205824K, used 159200K [0x0000000080000000, 0x0000000100000000)
  region size 1024K, 41 young (41984K), 9 survivors (9216K)

Heap Regions: E=young(eden), S=young(survivor), O=old, HS=humongous(starts), HC=humongous(continues), CS=collection set, F=free, TAMS=top-at-mark-start, PB=parsable bottom
|   0|0x0000000080000000, 0x0000000080100000, 0x0000000080100000|100%|HS|  |TAMS 0x0000000080000000| PB 0x0000000080000000| Complete |  0
|   1|0x0000000080100000, 0x0000000080200000, 0x0000000080200000|100%|HC|  |TAMS 0x0000000080100000| PB 0x0000000080100000| Complete |  0
|   2|0x0000000080200000, 0x0000000080300000, 0x0000000080300000|100%|HC|  |TAMS 0x0000000080200000| PB 0x0000000080200000| Complete |  0
|   3|0x0000000080300000, 0x0000000080400000, 0x0000000080400000|100%| O|  |TAMS 0x0000000080300000| PB 0x0000000080300000| Untracked |  0
|   4|0x0000000080400000, 0x0000000080500000, 0x0000000080500000|100%| O|  |TAMS 0x0000000080400000| PB 0x0000000080400000| Untracked |  0
|   5|0x0000000080500000, 0x0000000080600000, 0x0000000080600000|100%| O|  |TAMS 0x0000000080500000| PB 0x0000000080500000| Untracked |  0
|   6|0x0000000080600000, 0x0000000080700000, 0x0000000080700000|100%| O|  |TAMS 0x0000000080600000| PB 0x0000000080600000| Untracked |  0
|   7|0x0000000080700000, 0x0000000080800000, 0x0000000080800000|100%| O|  |TAMS 0x0000000080700000| PB 0x0000000080700000| Untracked |  0
|   8|0x0000000080800000, 0x0000000080900000, 0x0000000080900000|100%| O|  |TAMS 0x0000000080800000| PB 0x0000000080800000| Untracked |  0
|   9|0x0000000080900000, 0x0000000080a00000, 0x0000000080a00000|100%| O|  |TAMS 0x0000000080900000| PB 0x0000000080900000| Untracked |  0
|  10|0x0000000080a00000, 0x0000000080b00000, 0x0000000080b00000|100%|HS|  |TAMS 0x0000000080a00000| PB 0x0000000080a00000| Complete |  0
|  11|0x0000000080b00000, 0x0000000080c00000, 0x0000000080c00000|100%| O|  |TAMS 0x0000000080b00000| PB 0x0000000080b00000| Untracked |  0
|  12|0x0000000080c00000, 0x0000000080d00000, 0x0000000080d00000|100%| O|  |TAMS 0x0000000080c00000| PB 0x0000000080c00000| Untracked |  0
|  13|0x0000000080d00000, 0x0000000080e00000, 0x0000000080e00000|100%| O|  |TAMS 0x0000000080d00000| PB 0x0000000080d00000| Untracked |  0
|  14|0x0000000080e00000, 0x0000000080f00000, 0x0000000080f00000|100%| O|  |TAMS 0x0000000080e00000| PB 0x0000000080e00000| Untracked |  0
|  15|0x0000000080f00000, 0x0000000081000000, 0x0000000081000000|100%| O|  |TAMS 0x0000000080f00000| PB 0x0000000080f00000| Untracked |  0
|  16|0x0000000081000000, 0x0000000081100000, 0x0000000081100000|100%| O|  |TAMS 0x0000000081000000| PB 0x0000000081000000| Untracked |  0
|  17|0x0000000081100000, 0x0000000081200000, 0x0000000081200000|100%| O|  |TAMS 0x0000000081100000| PB 0x0000000081100000| Untracked |  0
|  18|0x0000000081200000, 0x0000000081300000, 0x0000000081300000|100%| O|  |TAMS 0x0000000081200000| PB 0x0000000081200000| Untracked |  0
|  19|0x0000000081300000, 0x0000000081400000, 0x0000000081400000|100%|HS|  |TAMS 0x0000000081300000| PB 0x0000000081300000| Complete |  0
|  20|0x0000000081400000, 0x0000000081500000, 0x0000000081500000|100%|HS|  |TAMS 0x0000000081400000| PB 0x0000000081400000| Complete |  0
|  21|0x0000000081500000, 0x0000000081600000, 0x0000000081600000|100%| O|  |TAMS 0x0000000081500000| PB 0x0000000081500000| Untracked |  0
|  22|0x0000000081600000, 0x0000000081700000, 0x0000000081700000|100%|HS|  |TAMS 0x0000000081600000| PB 0x0000000081600000| Complete |  0
|  23|0x0000000081700000, 0x0000000081800000, 0x0000000081800000|100%|HS|  |TAMS 0x0000000081700000| PB 0x0000000081700000| Complete |  0
|  24|0x0000000081800000, 0x0000000081900000, 0x0000000081900000|100%|HC|  |TAMS 0x0000000081800000| PB 0x0000000081800000| Complete |  0
|  25|0x0000000081900000, 0x0000000081a00000, 0x0000000081a00000|100%|HS|  |TAMS 0x0000000081900000| PB 0x0000000081900000| Complete |  0
|  26|0x0000000081a00000, 0x0000000081b00000, 0x0000000081b00000|100%|HS|  |TAMS 0x0000000081a00000| PB 0x0000000081a00000| Complete |  0
|  27|0x0000000081b00000, 0x0000000081c00000, 0x0000000081c00000|100%|HC|  |TAMS 0x0000000081b00000| PB 0x0000000081b00000| Complete |  0
|  28|0x0000000081c00000, 0x0000000081d00000, 0x0000000081d00000|100%| O|  |TAMS 0x0000000081c00000| PB 0x0000000081c00000| Untracked |  0
|  29|0x0000000081d00000, 0x0000000081e00000, 0x0000000081e00000|100%| O|  |TAMS 0x0000000081d00000| PB 0x0000000081d00000| Untracked |  0
|  30|0x0000000081e00000, 0x0000000081f00000, 0x0000000081f00000|100%| O|  |TAMS 0x0000000081e00000| PB 0x0000000081e00000| Untracked |  0
|  31|0x0000000081f00000, 0x0000000082000000, 0x0000000082000000|100%| O|  |TAMS 0x0000000081f00000| PB 0x0000000081f00000| Untracked |  0
|  32|0x0000000082000000, 0x0000000082100000, 0x0000000082100000|100%| O|  |TAMS 0x0000000082000000| PB 0x0000000082000000| Untracked |  0
|  33|0x0000000082100000, 0x0000000082200000, 0x0000000082200000|100%| O|  |TAMS 0x0000000082100000| PB 0x0000000082100000| Untracked |  0
|  34|0x0000000082200000, 0x0000000082300000, 0x0000000082300000|100%| O|  |TAMS 0x0000000082200000| PB 0x0000000082200000| Untracked |  0
|  35|0x0000000082300000, 0x0000000082400000, 0x0000000082400000|100%| O|  |TAMS 0x0000000082300000| PB 0x0000000082300000| Untracked |  0
|  36|0x0000000082400000, 0x0000000082500000, 0x0000000082500000|100%| O|  |TAMS 0x0000000082400000| PB 0x0000000082400000| Untracked |  0
|  37|0x0000000082500000, 0x0000000082600000, 0x0000000082600000|100%| O|  |TAMS 0x0000000082500000| PB 0x0000000082500000| Untracked |  0
|  38|0x0000000082600000, 0x0000000082700000, 0x0000000082700000|100%| O|  |TAMS 0x0000000082600000| PB 0x0000000082600000| Untracked |  0
|  39|0x0000000082700000, 0x0000000082800000, 0x0000000082800000|100%| O|  |TAMS 0x0000000082700000| PB 0x0000000082700000| Untracked |  0
|  40|0x0000000082800000, 0x0000000082900000, 0x0000000082900000|100%| O|  |TAMS 0x0000000082800000| PB 0x0000000082800000| Untracked |  0
|  41|0x0000000082900000, 0x0000000082a00000, 0x0000000082a00000|100%| O|  |TAMS 0x0000000082900000| PB 0x0000000082900000| Untracked |  0
|  42|0x0000000082a00000, 0x0000000082b00000, 0x0000000082b00000|100%| O|  |TAMS 0x0000000082a00000| PB 0x0000000082a00000| Untracked |  0
|  43|0x0000000082b00000, 0x0000000082c00000, 0x0000000082c00000|100%| O|  |TAMS 0x0000000082b00000| PB 0x0000000082b00000| Untracked |  0
|  44|0x0000000082c00000, 0x0000000082d00000, 0x0000000082d00000|100%| O|  |TAMS 0x0000000082c00000| PB 0x0000000082c00000| Untracked |  0
|  45|0x0000000082d00000, 0x0000000082e00000, 0x0000000082e00000|100%| O|  |TAMS 0x0000000082d00000| PB 0x0000000082d00000| Untracked |  0
|  46|0x0000000082e00000, 0x0000000082f00000, 0x0000000082f00000|100%| O|  |TAMS 0x0000000082e00000| PB 0x0000000082e00000| Untracked |  0
|  47|0x0000000082f00000, 0x0000000083000000, 0x0000000083000000|100%| O|  |TAMS 0x0000000082f00000| PB 0x0000000082f00000| Untracked |  0
|  48|0x0000000083000000, 0x0000000083100000, 0x0000000083100000|100%| O|  |TAMS 0x0000000083000000| PB 0x0000000083000000| Untracked |  0
|  49|0x0000000083100000, 0x0000000083200000, 0x0000000083200000|100%| O|  |TAMS 0x0000000083100000| PB 0x0000000083100000| Untracked |  0
|  50|0x0000000083200000, 0x0000000083300000, 0x0000000083300000|100%| O|  |TAMS 0x0000000083200000| PB 0x0000000083200000| Untracked |  0
|  51|0x0000000083300000, 0x0000000083400000, 0x0000000083400000|100%| O|  |TAMS 0x0000000083300000| PB 0x0000000083300000| Untracked |  0
|  52|0x0000000083400000, 0x0000000083500000, 0x0000000083500000|100%| O|  |TAMS 0x0000000083400000| PB 0x0000000083400000| Untracked |  0
|  53|0x0000000083500000, 0x0000000083600000, 0x0000000083600000|100%| O|  |TAMS 0x0000000083500000| PB 0x0000000083500000| Untracked |  0
|  54|0x0000000083600000, 0x0000000083700000, 0x0000000083700000|100%|HS|  |TAMS 0x0000000083600000| PB 0x0000000083600000| Complete |  0
|  55|0x0000000083700000, 0x0000000083800000, 0x0000000083800000|100%| O|  |TAMS 0x0000000083700000| PB 0x0000000083700000| Untracked |  0
|  56|0x0000000083800000, 0x0000000083900000, 0x0000000083900000|100%|HS|  |TAMS 0x0000000083800000| PB 0x0000000083800000| Complete |  0
|  57|0x0000000083900000, 0x0000000083a00000, 0x0000000083a00000|100%| O|  |TAMS 0x0000000083900000| PB 0x0000000083900000| Untracked |  0
|  58|0x0000000083a00000, 0x0000000083b00000, 0x0000000083b00000|100%| O|  |TAMS 0x0000000083a00000| PB 0x0000000083a00000| Untracked |  0
|  59|0x0000000083b00000, 0x0000000083c00000, 0x0000000083c00000|100%| O|  |TAMS 0x0000000083b00000| PB 0x0000000083b00000| Untracked |  0
|  60|0x0000000083c00000, 0x0000000083d00000, 0x0000000083d00000|100%| O|  |TAMS 0x0000000083c00000| PB 0x0000000083c00000| Untracked |  0
|  61|0x0000000083d00000, 0x0000000083e00000, 0x0000000083e00000|100%| O|  |TAMS 0x0000000083d00000| PB 0x0000000083d00000| Untracked |  0
|  62|0x0000000083e00000, 0x0000000083f00000, 0x0000000083f00000|100%| O|  |TAMS 0x0000000083e00000| PB 0x0000000083e00000| Untracked |  0
|  63|0x0000000083f00000, 0x0000000084000000, 0x0000000084000000|100%| O|  |TAMS 0x0000000083f00000| PB 0x0000000083f00000| Untracked |  0
|  64|0x0000000084000000, 0x0000000084100000, 0x0000000084100000|100%| O|  |TAMS 0x0000000084000000| PB 0x0000000084000000| Untracked |  0
|  65|0x0000000084100000, 0x0000000084200000, 0x0000000084200000|100%|HS|  |TAMS 0x0000000084100000| PB 0x0000000084100000| Complete |  0
|  66|0x0000000084200000, 0x0000000084300000, 0x0000000084300000|100%| O|  |TAMS 0x0000000084200000| PB 0x0000000084200000| Untracked |  0
|  67|0x0000000084300000, 0x0000000084400000, 0x0000000084400000|100%| O|  |TAMS 0x0000000084300000| PB 0x0000000084300000| Untracked |  0
|  68|0x0000000084400000, 0x0000000084500000, 0x0000000084500000|100%| O|  |TAMS 0x0000000084400000| PB 0x0000000084400000| Untracked |  0
|  69|0x0000000084500000, 0x0000000084600000, 0x0000000084600000|100%| O|  |TAMS 0x0000000084500000| PB 0x0000000084500000| Untracked |  0
|  70|0x0000000084600000, 0x0000000084700000, 0x0000000084700000|100%| O|  |TAMS 0x0000000084600000| PB 0x0000000084600000| Untracked |  0
|  71|0x0000000084700000, 0x0000000084800000, 0x0000000084800000|100%| O|  |TAMS 0x0000000084700000| PB 0x0000000084700000| Untracked |  0
|  72|0x0000000084800000, 0x0000000084900000, 0x0000000084900000|100%| O|  |TAMS 0x0000000084800000| PB 0x0000000084800000| Untracked |  0
|  73|0x0000000084900000, 0x0000000084a00000, 0x0000000084a00000|100%| O|  |TAMS 0x0000000084900000| PB 0x0000000084900000| Untracked |  0
|  74|0x0000000084a00000, 0x0000000084b00000, 0x0000000084b00000|100%| O|  |TAMS 0x0000000084a00000| PB 0x0000000084a00000| Untracked |  0
|  75|0x0000000084b00000, 0x0000000084c00000, 0x0000000084c00000|100%| O|  |TAMS 0x0000000084b00000| PB 0x0000000084b00000| Untracked |  0
|  76|0x0000000084c00000, 0x0000000084d00000, 0x0000000084d00000|100%| O|  |TAMS 0x0000000084c00000| PB 0x0000000084c00000| Untracked |  0
|  77|0x0000000084d00000, 0x0000000084e00000, 0x0000000084e00000|100%| O|  |TAMS 0x0000000084d00000| PB 0x0000000084d00000| Untracked |  0
|  78|0x0000000084e00000, 0x0000000084f00000, 0x0000000084f00000|100%| O|  |TAMS 0x0000000084e00000| PB 0x0000000084e00000| Untracked |  0
|  79|0x0000000084f00000, 0x0000000085000000, 0x0000000085000000|100%| O|  |TAMS 0x0000000084f00000| PB 0x0000000084f00000| Untracked |  0
|  80|0x0000000085000000, 0x0000000085100000, 0x0000000085100000|100%| O|  |TAMS 0x0000000085000000| PB 0x0000000085000000| Untracked |  0
|  81|0x0000000085100000, 0x0000000085200000, 0x0000000085200000|100%| O|  |TAMS 0x0000000085100000| PB 0x0000000085100000| Untracked |  0
|  82|0x0000000085200000, 0x0000000085300000, 0x0000000085300000|100%| O|  |TAMS 0x0000000085200000| PB 0x0000000085200000| Untracked |  0
|  83|0x0000000085300000, 0x0000000085400000, 0x0000000085400000|100%| O|  |TAMS 0x0000000085300000| PB 0x0000000085300000| Untracked |  0
|  84|0x0000000085400000, 0x0000000085500000, 0x0000000085500000|100%| O|  |TAMS 0x0000000085400000| PB 0x0000000085400000| Untracked |  0
|  85|0x0000000085500000, 0x0000000085600000, 0x0000000085600000|100%| O|  |TAMS 0x0000000085500000| PB 0x0000000085500000| Untracked |  0
|  86|0x0000000085600000, 0x0000000085700000, 0x0000000085700000|100%| O|  |TAMS 0x0000000085600000| PB 0x0000000085600000| Untracked |  0
|  87|0x0000000085700000, 0x0000000085800000, 0x0000000085800000|100%| O|  |TAMS 0x0000000085700000| PB 0x0000000085700000| Untracked |  0
|  88|0x0000000085800000, 0x0000000085900000, 0x0000000085900000|100%| O|  |TAMS 0x0000000085800000| PB 0x0000000085800000| Untracked |  0
|  89|0x0000000085900000, 0x0000000085a00000, 0x0000000085a00000|100%| O|  |TAMS 0x0000000085900000| PB 0x0000000085900000| Untracked |  0
|  90|0x0000000085a00000, 0x0000000085b00000, 0x0000000085b00000|100%| O|  |TAMS 0x0000000085a00000| PB 0x0000000085a00000| Untracked |  0
|  91|0x0000000085b00000, 0x0000000085c00000, 0x0000000085c00000|100%| O|  |TAMS 0x0000000085b00000| PB 0x0000000085b00000| Untracked |  0
|  92|0x0000000085c00000, 0x0000000085d00000, 0x0000000085d00000|100%| O|  |TAMS 0x0000000085c00000| PB 0x0000000085c00000| Untracked |  0
|  93|0x0000000085d00000, 0x0000000085e00000, 0x0000000085e00000|100%| O|  |TAMS 0x0000000085d00000| PB 0x0000000085d00000| Untracked |  0
|  94|0x0000000085e00000, 0x0000000085f00000, 0x0000000085f00000|100%| O|  |TAMS 0x0000000085e00000| PB 0x0000000085e00000| Untracked |  0
|  95|0x0000000085f00000, 0x0000000085f00000, 0x0000000086000000|  0%| F|  |TAMS 0x0000000085f00000| PB 0x0000000085f00000| Untracked |  0
|  96|0x0000000086000000, 0x0000000086100000, 0x0000000086100000|100%| O|  |TAMS 0x0000000086000000| PB 0x0000000086000000| Untracked |  0
|  97|0x0000000086100000, 0x0000000086200000, 0x0000000086200000|100%| O|  |TAMS 0x0000000086100000| PB 0x0000000086100000| Untracked |  0
|  98|0x0000000086200000, 0x0000000086300000, 0x0000000086300000|100%| O|  |TAMS 0x0000000086200000| PB 0x0000000086200000| Untracked |  0
|  99|0x0000000086300000, 0x0000000086300000, 0x0000000086400000|  0%| F|  |TAMS 0x0000000086300000| PB 0x0000000086300000| Untracked |  0
| 100|0x0000000086400000, 0x0000000086500000, 0x0000000086500000|100%| O|  |TAMS 0x0000000086400000| PB 0x0000000086400000| Untracked |  0
| 101|0x0000000086500000, 0x0000000086600000, 0x0000000086600000|100%| O|  |TAMS 0x0000000086500000| PB 0x0000000086500000| Untracked |  0
| 102|0x0000000086600000, 0x0000000086700000, 0x0000000086700000|100%| O|  |TAMS 0x0000000086600000| PB 0x0000000086600000| Untracked |  0
| 103|0x0000000086700000, 0x0000000086800000, 0x0000000086800000|100%|HS|  |TAMS 0x0000000086700000| PB 0x0000000086700000| Complete |  0
| 104|0x0000000086800000, 0x0000000086900000, 0x0000000086900000|100%|HC|  |TAMS 0x0000000086800000| PB 0x0000000086800000| Complete |  0
| 105|0x0000000086900000, 0x0000000086a00000, 0x0000000086a00000|100%|HC|  |TAMS 0x0000000086900000| PB 0x0000000086900000| Complete |  0
| 106|0x0000000086a00000, 0x0000000086a00000, 0x0000000086b00000|  0%| F|  |TAMS 0x0000000086a00000| PB 0x0000000086a00000| Untracked |  0
| 107|0x0000000086b00000, 0x0000000086b00000, 0x0000000086c00000|  0%| F|  |TAMS 0x0000000086b00000| PB 0x0000000086b00000| Untracked |  0
| 108|0x0000000086c00000, 0x0000000086d00000, 0x0000000086d00000|100%| O|  |TAMS 0x0000000086c00000| PB 0x0000000086c00000| Untracked |  0
| 109|0x0000000086d00000, 0x0000000086e00000, 0x0000000086e00000|100%| O|  |TAMS 0x0000000086d00000| PB 0x0000000086d00000| Untracked |  0
| 110|0x0000000086e00000, 0x0000000086f00000, 0x0000000086f00000|100%| S|CS|TAMS 0x0000000086e00000| PB 0x0000000086e00000| Complete |  0
| 111|0x0000000086f00000, 0x0000000087000000, 0x0000000087000000|100%| S|CS|TAMS 0x0000000086f00000| PB 0x0000000086f00000| Complete |  0
| 112|0x0000000087000000, 0x0000000087100000, 0x0000000087100000|100%| S|CS|TAMS 0x0000000087000000| PB 0x0000000087000000| Complete |  0
| 113|0x0000000087100000, 0x0000000087200000, 0x0000000087200000|100%| S|CS|TAMS 0x0000000087100000| PB 0x0000000087100000| Complete |  0
| 114|0x0000000087200000, 0x0000000087200000, 0x0000000087300000|  0%| F|  |TAMS 0x0000000087200000| PB 0x0000000087200000| Untracked |  0
| 115|0x0000000087300000, 0x0000000087300000, 0x0000000087400000|  0%| F|  |TAMS 0x0000000087300000| PB 0x0000000087300000| Untracked |  0
| 116|0x0000000087400000, 0x0000000087400000, 0x0000000087500000|  0%| F|  |TAMS 0x0000000087400000| PB 0x0000000087400000| Untracked |  0
| 117|0x0000000087500000, 0x0000000087500000, 0x0000000087600000|  0%| F|  |TAMS 0x0000000087500000| PB 0x0000000087500000| Untracked |  0
| 118|0x0000000087600000, 0x0000000087600000, 0x0000000087700000|  0%| F|  |TAMS 0x0000000087600000| PB 0x0000000087600000| Untracked |  0
| 119|0x0000000087700000, 0x0000000087700000, 0x0000000087800000|  0%| F|  |TAMS 0x0000000087700000| PB 0x0000000087700000| Untracked |  0
| 120|0x0000000087800000, 0x0000000087800000, 0x0000000087900000|  0%| F|  |TAMS 0x0000000087800000| PB 0x0000000087800000| Untracked |  0
| 121|0x0000000087900000, 0x0000000087900000, 0x0000000087a00000|  0%| F|  |TAMS 0x0000000087900000| PB 0x0000000087900000| Untracked |  0
| 122|0x0000000087a00000, 0x0000000087a00000, 0x0000000087b00000|  0%| F|  |TAMS 0x0000000087a00000| PB 0x0000000087a00000| Untracked |  0
| 123|0x0000000087b00000, 0x0000000087b00000, 0x0000000087c00000|  0%| F|  |TAMS 0x0000000087b00000| PB 0x0000000087b00000| Untracked |  0
| 124|0x0000000087c00000, 0x0000000087c00000, 0x0000000087d00000|  0%| F|  |TAMS 0x0000000087c00000| PB 0x0000000087c00000| Untracked |  0
| 125|0x0000000087d00000, 0x0000000087d00000, 0x0000000087e00000|  0%| F|  |TAMS 0x0000000087d00000| PB 0x0000000087d00000| Untracked |  0
| 126|0x0000000087e00000, 0x0000000087e00000, 0x0000000087f00000|  0%| F|  |TAMS 0x0000000087e00000| PB 0x0000000087e00000| Untracked |  0
| 127|0x0000000087f00000, 0x0000000087f00000, 0x0000000088000000|  0%| F|  |TAMS 0x0000000087f00000| PB 0x0000000087f00000| Untracked |  0
| 128|0x0000000088000000, 0x0000000088000000, 0x0000000088100000|  0%| F|  |TAMS 0x0000000088000000| PB 0x0000000088000000| Untracked |  0
| 129|0x0000000088100000, 0x0000000088100000, 0x0000000088200000|  0%| F|  |TAMS 0x0000000088100000| PB 0x0000000088100000| Untracked |  0
| 130|0x0000000088200000, 0x0000000088200000, 0x0000000088300000|  0%| F|  |TAMS 0x0000000088200000| PB 0x0000000088200000| Untracked |  0
| 131|0x0000000088300000, 0x0000000088300000, 0x0000000088400000|  0%| F|  |TAMS 0x0000000088300000| PB 0x0000000088300000| Untracked |  0
| 132|0x0000000088400000, 0x0000000088400000, 0x0000000088500000|  0%| F|  |TAMS 0x0000000088400000| PB 0x0000000088400000| Untracked |  0
| 133|0x0000000088500000, 0x0000000088500000, 0x0000000088600000|  0%| F|  |TAMS 0x0000000088500000| PB 0x0000000088500000| Untracked |  0
| 134|0x0000000088600000, 0x0000000088600000, 0x0000000088700000|  0%| F|  |TAMS 0x0000000088600000| PB 0x0000000088600000| Untracked |  0
| 135|0x0000000088700000, 0x0000000088700000, 0x0000000088800000|  0%| F|  |TAMS 0x0000000088700000| PB 0x0000000088700000| Untracked |  0
| 136|0x0000000088800000, 0x0000000088800000, 0x0000000088900000|  0%| F|  |TAMS 0x0000000088800000| PB 0x0000000088800000| Untracked |  0
| 137|0x0000000088900000, 0x0000000088900000, 0x0000000088a00000|  0%| F|  |TAMS 0x0000000088900000| PB 0x0000000088900000| Untracked |  0
| 138|0x0000000088a00000, 0x0000000088a00000, 0x0000000088b00000|  0%| F|  |TAMS 0x0000000088a00000| PB 0x0000000088a00000| Untracked |  0
| 139|0x0000000088b00000, 0x0000000088b00000, 0x0000000088c00000|  0%| F|  |TAMS 0x0000000088b00000| PB 0x0000000088b00000| Untracked |  0
| 140|0x0000000088c00000, 0x0000000088c00000, 0x0000000088d00000|  0%| F|  |TAMS 0x0000000088c00000| PB 0x0000000088c00000| Untracked |  0
| 141|0x0000000088d00000, 0x0000000088d00000, 0x0000000088e00000|  0%| F|  |TAMS 0x0000000088d00000| PB 0x0000000088d00000| Untracked |  0
| 142|0x0000000088e00000, 0x0000000088e00000, 0x0000000088f00000|  0%| F|  |TAMS 0x0000000088e00000| PB 0x0000000088e00000| Untracked |  0
| 143|0x0000000088f00000, 0x0000000088f00000, 0x0000000089000000|  0%| F|  |TAMS 0x0000000088f00000| PB 0x0000000088f00000| Untracked |  0
| 144|0x0000000089000000, 0x0000000089000000, 0x0000000089100000|  0%| F|  |TAMS 0x0000000089000000| PB 0x0000000089000000| Untracked |  0
| 145|0x0000000089100000, 0x0000000089100000, 0x0000000089200000|  0%| F|  |TAMS 0x0000000089100000| PB 0x0000000089100000| Untracked |  0
| 146|0x0000000089200000, 0x0000000089200000, 0x0000000089300000|  0%| F|  |TAMS 0x0000000089200000| PB 0x0000000089200000| Untracked |  0
| 147|0x0000000089300000, 0x0000000089300000, 0x0000000089400000|  0%| F|  |TAMS 0x0000000089300000| PB 0x0000000089300000| Untracked |  0
| 148|0x0000000089400000, 0x0000000089400000, 0x0000000089500000|  0%| F|  |TAMS 0x0000000089400000| PB 0x0000000089400000| Untracked |  0
| 149|0x0000000089500000, 0x0000000089500000, 0x0000000089600000|  0%| F|  |TAMS 0x0000000089500000| PB 0x0000000089500000| Untracked |  0
| 150|0x0000000089600000, 0x0000000089600000, 0x0000000089700000|  0%| F|  |TAMS 0x0000000089600000| PB 0x0000000089600000| Untracked |  0
| 151|0x0000000089700000, 0x0000000089700000, 0x0000000089800000|  0%| F|  |TAMS 0x0000000089700000| PB 0x0000000089700000| Untracked |  0
| 152|0x0000000089800000, 0x0000000089800000, 0x0000000089900000|  0%| F|  |TAMS 0x0000000089800000| PB 0x0000000089800000| Untracked |  0
| 153|0x0000000089900000, 0x0000000089900000, 0x0000000089a00000|  0%| F|  |TAMS 0x0000000089900000| PB 0x0000000089900000| Untracked |  0
| 154|0x0000000089a00000, 0x0000000089a00a68, 0x0000000089b00000|  0%| E|  |TAMS 0x0000000089a00000| PB 0x0000000089a00000| Complete |  0
| 155|0x0000000089b00000, 0x0000000089c00000, 0x0000000089c00000|100%| E|CS|TAMS 0x0000000089b00000| PB 0x0000000089b00000| Complete |  0
| 156|0x0000000089c00000, 0x0000000089d00000, 0x0000000089d00000|100%| E|CS|TAMS 0x0000000089c00000| PB 0x0000000089c00000| Complete |  0
| 157|0x0000000089d00000, 0x0000000089e00000, 0x0000000089e00000|100%| E|CS|TAMS 0x0000000089d00000| PB 0x0000000089d00000| Complete |  0
| 158|0x0000000089e00000, 0x0000000089f00000, 0x0000000089f00000|100%| E|CS|TAMS 0x0000000089e00000| PB 0x0000000089e00000| Complete |  0
| 159|0x0000000089f00000, 0x000000008a000000, 0x000000008a000000|100%| E|CS|TAMS 0x0000000089f00000| PB 0x0000000089f00000| Complete |  0
| 160|0x000000008a000000, 0x000000008a100000, 0x000000008a100000|100%| E|CS|TAMS 0x000000008a000000| PB 0x000000008a000000| Complete |  0
| 161|0x000000008a100000, 0x000000008a200000, 0x000000008a200000|100%| E|CS|TAMS 0x000000008a100000| PB 0x000000008a100000| Complete |  0
| 162|0x000000008a200000, 0x000000008a300000, 0x000000008a300000|100%| E|CS|TAMS 0x000000008a200000| PB 0x000000008a200000| Complete |  0
| 163|0x000000008a300000, 0x000000008a400000, 0x000000008a400000|100%| E|CS|TAMS 0x000000008a300000| PB 0x000000008a300000| Complete |  0
| 164|0x000000008a400000, 0x000000008a500000, 0x000000008a500000|100%| E|CS|TAMS 0x000000008a400000| PB 0x000000008a400000| Complete |  0
| 165|0x000000008a500000, 0x000000008a600000, 0x000000008a600000|100%| E|CS|TAMS 0x000000008a500000| PB 0x000000008a500000| Complete |  0
| 166|0x000000008a600000, 0x000000008a700000, 0x000000008a700000|100%| E|CS|TAMS 0x000000008a600000| PB 0x000000008a600000| Complete |  0
| 167|0x000000008a700000, 0x000000008a800000, 0x000000008a800000|100%| E|CS|TAMS 0x000000008a700000| PB 0x000000008a700000| Complete |  0
| 168|0x000000008a800000, 0x000000008a900000, 0x000000008a900000|100%| E|CS|TAMS 0x000000008a800000| PB 0x000000008a800000| Complete |  0
| 169|0x000000008a900000, 0x000000008aa00000, 0x000000008aa00000|100%| E|CS|TAMS 0x000000008a900000| PB 0x000000008a900000| Complete |  0
| 170|0x000000008aa00000, 0x000000008ab00000, 0x000000008ab00000|100%| E|CS|TAMS 0x000000008aa00000| PB 0x000000008aa00000| Complete |  0
| 171|0x000000008ab00000, 0x000000008ac00000, 0x000000008ac00000|100%| E|CS|TAMS 0x000000008ab00000| PB 0x000000008ab00000| Complete |  0
| 172|0x000000008ac00000, 0x000000008ad00000, 0x000000008ad00000|100%| E|CS|TAMS 0x000000008ac00000| PB 0x000000008ac00000| Complete |  0
| 173|0x000000008ad00000, 0x000000008ae00000, 0x000000008ae00000|100%| E|CS|TAMS 0x000000008ad00000| PB 0x000000008ad00000| Complete |  0
| 174|0x000000008ae00000, 0x000000008af00000, 0x000000008af00000|100%| E|CS|TAMS 0x000000008ae00000| PB 0x000000008ae00000| Complete |  0
| 175|0x000000008af00000, 0x000000008b000000, 0x000000008b000000|100%| E|CS|TAMS 0x000000008af00000| PB 0x000000008af00000| Complete |  0
| 176|0x000000008b000000, 0x000000008b100000, 0x000000008b100000|100%| E|CS|TAMS 0x000000008b000000| PB 0x000000008b000000| Complete |  0
| 177|0x000000008b100000, 0x000000008b200000, 0x000000008b200000|100%| E|CS|TAMS 0x000000008b100000| PB 0x000000008b100000| Complete |  0
| 178|0x000000008b200000, 0x000000008b300000, 0x000000008b300000|100%| E|CS|TAMS 0x000000008b200000| PB 0x000000008b200000| Complete |  0
| 179|0x000000008b300000, 0x000000008b400000, 0x000000008b400000|100%| E|CS|TAMS 0x000000008b300000| PB 0x000000008b300000| Complete |  0
| 180|0x000000008b400000, 0x000000008b500000, 0x000000008b500000|100%| E|CS|TAMS 0x000000008b400000| PB 0x000000008b400000| Complete |  0
| 181|0x000000008b500000, 0x000000008b600000, 0x000000008b600000|100%| S|CS|TAMS 0x000000008b500000| PB 0x000000008b500000| Complete |  0
| 182|0x000000008b600000, 0x000000008b700000, 0x000000008b700000|100%| S|CS|TAMS 0x000000008b600000| PB 0x000000008b600000| Complete |  0
| 183|0x000000008b700000, 0x000000008b800000, 0x000000008b800000|100%| S|CS|TAMS 0x000000008b700000| PB 0x000000008b700000| Complete |  0
| 184|0x000000008b800000, 0x000000008b900000, 0x000000008b900000|100%| S|CS|TAMS 0x000000008b800000| PB 0x000000008b800000| Complete |  0
| 185|0x000000008b900000, 0x000000008ba00000, 0x000000008ba00000|100%| S|CS|TAMS 0x000000008b900000| PB 0x000000008b900000| Complete |  0
|2033|0x00000000ff100000, 0x00000000ff1783d0, 0x00000000ff200000| 46%| O|  |TAMS 0x00000000ff100000| PB 0x00000000ff100000| Untracked |  0
|2034|0x00000000ff200000, 0x00000000ff300000, 0x00000000ff300000|100%| O|  |TAMS 0x00000000ff200000| PB 0x00000000ff200000| Untracked |  0
|2035|0x00000000ff300000, 0x00000000ff400000, 0x00000000ff400000|100%| O|  |TAMS 0x00000000ff300000| PB 0x00000000ff300000| Untracked |  0
|2036|0x00000000ff400000, 0x00000000ff500000, 0x00000000ff500000|100%| O|  |TAMS 0x00000000ff400000| PB 0x00000000ff400000| Untracked |  0
|2037|0x00000000ff500000, 0x00000000ff600000, 0x00000000ff600000|100%| E|CS|TAMS 0x00000000ff500000| PB 0x00000000ff500000| Complete |  0
|2038|0x00000000ff600000, 0x00000000ff700000, 0x00000000ff700000|100%| E|CS|TAMS 0x00000000ff600000| PB 0x00000000ff600000| Complete |  0
|2039|0x00000000ff700000, 0x00000000ff800000, 0x00000000ff800000|100%| E|CS|TAMS 0x00000000ff700000| PB 0x00000000ff700000| Complete |  0
|2040|0x00000000ff800000, 0x00000000ff900000, 0x00000000ff900000|100%| O|  |TAMS 0x00000000ff800000| PB 0x00000000ff800000| Untracked |  0
|2041|0x00000000ff900000, 0x00000000ffa00000, 0x00000000ffa00000|100%| E|CS|TAMS 0x00000000ff900000| PB 0x00000000ff900000| Complete |  0
|2042|0x00000000ffa00000, 0x00000000ffb00000, 0x00000000ffb00000|100%| O|  |TAMS 0x00000000ffa00000| PB 0x00000000ffa00000| Untracked |  0
|2043|0x00000000ffb00000, 0x00000000ffc00000, 0x00000000ffc00000|100%| O|  |TAMS 0x00000000ffb00000| PB 0x00000000ffb00000| Untracked |  0
|2044|0x00000000ffc00000, 0x00000000ffd00000, 0x00000000ffd00000|100%| O|  |TAMS 0x00000000ffc00000| PB 0x00000000ffc00000| Untracked |  0
|2045|0x00000000ffd00000, 0x00000000ffe00000, 0x00000000ffe00000|100%| O|  |TAMS 0x00000000ffd00000| PB 0x00000000ffd00000| Untracked |  0
|2046|0x00000000ffe00000, 0x00000000fff00000, 0x00000000fff00000|100%| O|  |TAMS 0x00000000ffe00000| PB 0x00000000ffe00000| Untracked |  0
|2047|0x00000000fff00000, 0x0000000100000000, 0x0000000100000000|100%| E|CS|TAMS 0x00000000fff00000| PB 0x00000000fff00000| Complete |  0

Card table byte_map: [0x00000283fc6e0000,0x00000283fcae0000] _byte_map_base: 0x00000283fc2e0000

Marking Bits: (CMBitMap*) 0x00000283f33fe8b0
 Bits: [0x00000283fcae0000, 0x00000283feae0000)

Polling page: 0x00000283f1280000

Metaspace:
Metaspace        used 120359K, committed 122752K, reserved 1179648K
 class space     used 17469K, committed 18624K, reserved 1048576K

Usage:
  Non-class:    100.48 MB used.
      Class:     17.06 MB used.
       Both:    117.54 MB used.

Virtual space:
  Non-class space:      128.00 MB reserved,     101.69 MB ( 79%) committed,  2 nodes.
      Class space:        1.00 GB reserved,      18.19 MB (  2%) committed,  1 nodes.
             Both:        1.12 GB reserved,     119.88 MB ( 10%) committed. 

Chunk freelists:
   Non-Class:  10.00 MB
       Class:  13.62 MB
        Both:  23.62 MB

MaxMetaspaceSize: unlimited
CompressedClassSpaceSize: 1.00 GB
Initial GC threshold: 21.00 MB
Current GC threshold: 172.00 MB
CDS: on
 - commit_granule_bytes: 65536.
 - commit_granule_words: 8192.
 - virtual_space_node_default_size: 8388608.
 - enlarge_chunks_in_place: 1.
UseCompressedClassPointers 1, UseCompactObjectHeaders 0
Narrow klass pointer bits 32, Max shift 3
Narrow klass base: 0x0000000007000000, Narrow klass shift: 0
Encoding Range: [0x0000000007000000 - 0x0000000107000000), (4294967296 bytes)
Klass Range:    [0x0000000007010000 - 0x0000000048000000), (1090453504 bytes)
Klass ID Range:  [65536 - 1090519033) (1090453497)
Protection zone: [0x0000000007000000 - 0x0000000007010000), (65536 bytes)


Internal statistics:

num_allocs_failed_limit: 6.
num_arena_births: 4348.
num_arena_deaths: 0.
num_vsnodes_births: 3.
num_vsnodes_deaths: 0.
num_space_committed: 1918.
num_space_uncommitted: 0.
num_chunks_returned_to_freelist: 6.
num_chunks_taken_from_freelist: 9667.
num_chunk_merges: 6.
num_chunk_splits: 6507.
num_chunks_enlarged: 4395.
num_inconsistent_stats: 0.

CodeHeap 'non-profiled nmethods': size=120064Kb used=6088Kb max_used=6088Kb free=113976Kb
 bounds [0x0000028387ae0000, 0x00000283880e0000, 0x000002838f020000]
CodeHeap 'profiled nmethods': size=120064Kb used=19154Kb max_used=19154Kb free=100909Kb
 bounds [0x0000028380000000, 0x00000283812c0000, 0x0000028387540000]
CodeHeap 'non-nmethods': size=5760Kb used=2117Kb max_used=2224Kb free=3642Kb
 bounds [0x0000028387540000, 0x00000283877b0000, 0x0000028387ae0000]
CodeCache: size=245888Kb, used=27359Kb, max_used=27466Kb, free=218527Kb
 total_blobs=14094, nmethods=13139, adapters=857, full_count=0
Compilation: enabled, stopped_count=0, restarted_count=0

Compilation events (20 events):
Event: 62.751 Thread 0x00000283ff55e170 nmethod 15690 0x00000283812b1808 code [0x00000283812b1900, 0x00000283812b1b40]
Event: 62.751 Thread 0x00000283ff55e170 15691       3       org.jetbrains.kotlin.com.intellij.util.SmartList::get (30 bytes)
Event: 62.751 Thread 0x00000283ff55e170 nmethod 15691 0x00000283812b1b88 code [0x00000283812b1c80, 0x00000283812b2160]
Event: 62.751 Thread 0x00000283ff55e170 15692       3       org.jetbrains.kotlin.com.intellij.util.SmartList::getFromArray (4 bytes)
Event: 62.751 Thread 0x00000283ff55e170 nmethod 15692 0x00000283812b2188 code [0x00000283812b2280, 0x00000283812b23b0]
Event: 62.786 Thread 0x00000283ff55e170 15693       3       kotlin.collections.AbstractCollection::size (5 bytes)
Event: 62.786 Thread 0x00000283ff55e170 nmethod 15693 0x00000283812b2488 code [0x00000283812b2580, 0x00000283812b2748]
Event: 62.825 Thread 0x00000283ff55e170 15695       3       java.lang.CharacterDataLatin1::digit (32 bytes)
Event: 62.826 Thread 0x00000283ff55e170 nmethod 15695 0x00000283812b2788 code [0x00000283812b2880, 0x00000283812b2aa0]
Event: 62.904 Thread 0x00000283ff55e170 15696       3       kotlin.reflect.jvm.internal.pcollections.HashPMap::getEntries (22 bytes)
Event: 62.905 Thread 0x00000283ff55e170 nmethod 15696 0x00000283812b2b08 code [0x00000283812b2c00, 0x00000283812b3028]
Event: 62.905 Thread 0x00000283ff55e170 15697       3       kotlin.reflect.jvm.internal.pcollections.IntTreePMap::get (10 bytes)
Event: 62.905 Thread 0x00000283ff55e170 nmethod 15697 0x00000283812b3088 code [0x00000283812b3180, 0x00000283812b3340]
Event: 62.905 Thread 0x00000283ff55e170 15698       3       kotlin.reflect.jvm.internal.pcollections.IntTree::rebalanced (449 bytes)
Event: 62.906 Thread 0x00000283ff55e170 nmethod 15698 0x00000283812b3388 code [0x00000283812b3480, 0x00000283812b4260]
Event: 62.917 Thread 0x00000283ff55e170 15699       3       kotlin.reflect.jvm.internal.pcollections.IntTree::rebalanced (32 bytes)
Event: 62.917 Thread 0x00000283ff55e170 nmethod 15699 0x00000283812b4288 code [0x00000283812b4380, 0x00000283812b4560]
Event: 62.957 Thread 0x00000283ff55e170 15700       3       org.jetbrains.kotlin.kotlinx.collections.immutable.implementations.immutableList.SmallPersistentVector::getSize (6 bytes)
Event: 62.958 Thread 0x00000283ff55e170 nmethod 15700 0x00000283812b4588 code [0x00000283812b4680, 0x00000283812b4790]
Event: 62.972 Thread 0x00000283ff5409d0 15701       4       java.lang.invoke.MethodHandleNatives::findMethodHandleType (7 bytes)

GC Heap Usage History (20 events):
Event: 47.946 {heap Before GC invocations=43 (full 0):
 garbage-first heap   total reserved 2097152K, committed 150528K, used 141127K [0x0000000080000000, 0x0000000100000000)
  region size 1024K, 56 young (57344K), 7 survivors (7168K)
}
Event: 47.960 {heap After GC invocations=44 (full 0):
 garbage-first heap   total reserved 2097152K, committed 152576K, used 92738K [0x0000000080000000, 0x0000000100000000)
  region size 1024K, 5 young (5120K), 5 survivors (5120K)
}
Event: 49.808 {heap Before GC invocations=44 (full 0):
 garbage-first heap   total reserved 2097152K, committed 152576K, used 143938K [0x0000000080000000, 0x0000000100000000)
  region size 1024K, 55 young (56320K), 5 survivors (5120K)
}
Event: 49.818 {heap After GC invocations=45 (full 0):
 garbage-first heap   total reserved 2097152K, committed 153600K, used 96188K [0x0000000080000000, 0x0000000100000000)
  region size 1024K, 6 young (6144K), 6 survivors (6144K)
}
Event: 51.801 {heap Before GC invocations=46 (full 0):
 garbage-first heap   total reserved 2097152K, committed 162816K, used 142268K [0x0000000080000000, 0x0000000100000000)
  region size 1024K, 52 young (53248K), 6 survivors (6144K)
}
Event: 51.812 {heap After GC invocations=47 (full 0):
 garbage-first heap   total reserved 2097152K, committed 162816K, used 101638K [0x0000000080000000, 0x0000000100000000)
  region size 1024K, 7 young (7168K), 7 survivors (7168K)
}
Event: 53.401 {heap Before GC invocations=47 (full 0):
 garbage-first heap   total reserved 2097152K, committed 162816K, used 149766K [0x0000000080000000, 0x0000000100000000)
  region size 1024K, 55 young (56320K), 7 survivors (7168K)
}
Event: 53.416 {heap After GC invocations=48 (full 0):
 garbage-first heap   total reserved 2097152K, committed 165888K, used 106881K [0x0000000080000000, 0x0000000100000000)
  region size 1024K, 5 young (5120K), 5 survivors (5120K)
}
Event: 54.607 {heap Before GC invocations=48 (full 0):
 garbage-first heap   total reserved 2097152K, committed 165888K, used 152961K [0x0000000080000000, 0x0000000100000000)
  region size 1024K, 51 young (52224K), 5 survivors (5120K)
}
Event: 54.616 {heap After GC invocations=49 (full 0):
 garbage-first heap   total reserved 2097152K, committed 165888K, used 110897K [0x0000000080000000, 0x0000000100000000)
  region size 1024K, 5 young (5120K), 5 survivors (5120K)
}
Event: 56.732 {heap Before GC invocations=50 (full 0):
 garbage-first heap   total reserved 2097152K, committed 188416K, used 152881K [0x0000000080000000, 0x0000000100000000)
  region size 1024K, 47 young (48128K), 5 survivors (5120K)
}
Event: 56.740 {heap After GC invocations=51 (full 0):
 garbage-first heap   total reserved 2097152K, committed 188416K, used 112375K [0x0000000080000000, 0x0000000100000000)
  region size 1024K, 2 young (2048K), 2 survivors (2048K)
}
Event: 57.486 {heap Before GC invocations=51 (full 0):
 garbage-first heap   total reserved 2097152K, committed 188416K, used 174839K [0x0000000080000000, 0x0000000100000000)
  region size 1024K, 64 young (65536K), 2 survivors (2048K)
}
Event: 57.496 {heap After GC invocations=52 (full 0):
 garbage-first heap   total reserved 2097152K, committed 188416K, used 114376K [0x0000000080000000, 0x0000000100000000)
  region size 1024K, 5 young (5120K), 5 survivors (5120K)
}
Event: 58.255 {heap Before GC invocations=52 (full 0):
 garbage-first heap   total reserved 2097152K, committed 188416K, used 174792K [0x0000000080000000, 0x0000000100000000)
  region size 1024K, 65 young (66560K), 5 survivors (5120K)
}
Event: 58.264 {heap After GC invocations=53 (full 0):
 garbage-first heap   total reserved 2097152K, committed 188416K, used 116371K [0x0000000080000000, 0x0000000100000000)
  region size 1024K, 7 young (7168K), 7 survivors (7168K)
}
Event: 59.328 {heap Before GC invocations=54 (full 0):
 garbage-first heap   total reserved 2097152K, committed 196608K, used 174739K [0x0000000080000000, 0x0000000100000000)
  region size 1024K, 65 young (66560K), 7 survivors (7168K)
}
Event: 59.352 {heap After GC invocations=55 (full 0):
 garbage-first heap   total reserved 2097152K, committed 196608K, used 119374K [0x0000000080000000, 0x0000000100000000)
  region size 1024K, 8 young (8192K), 8 survivors (8192K)
}
Event: 61.897 {heap Before GC invocations=55 (full 0):
 garbage-first heap   total reserved 2097152K, committed 196608K, used 189006K [0x0000000080000000, 0x0000000100000000)
  region size 1024K, 72 young (73728K), 8 survivors (8192K)
}
Event: 61.911 {heap After GC invocations=56 (full 0):
 garbage-first heap   total reserved 2097152K, committed 205824K, used 127456K [0x0000000080000000, 0x0000000100000000)
  region size 1024K, 9 young (9216K), 9 survivors (9216K)
}

Metaspace Usage History (20 events):
Event: 47.946 {metaspace Before GC invocations=43 (full 0):
 Metaspace       used 95000K, committed 97216K, reserved 1179648K
  class space    used 14119K, committed 15168K, reserved 1048576K
}
Event: 47.960 {metaspace After GC invocations=44 (full 0):
 Metaspace       used 95000K, committed 97216K, reserved 1179648K
  class space    used 14119K, committed 15168K, reserved 1048576K
}
Event: 49.808 {metaspace Before GC invocations=44 (full 0):
 Metaspace       used 99084K, committed 101376K, reserved 1179648K
  class space    used 14665K, committed 15744K, reserved 1048576K
}
Event: 49.818 {metaspace After GC invocations=45 (full 0):
 Metaspace       used 99084K, committed 101376K, reserved 1179648K
  class space    used 14665K, committed 15744K, reserved 1048576K
}
Event: 51.801 {metaspace Before GC invocations=46 (full 0):
 Metaspace       used 100007K, committed 102400K, reserved 1179648K
  class space    used 14753K, committed 15872K, reserved 1048576K
}
Event: 51.812 {metaspace After GC invocations=47 (full 0):
 Metaspace       used 100007K, committed 102400K, reserved 1179648K
  class space    used 14753K, committed 15872K, reserved 1048576K
}
Event: 53.401 {metaspace Before GC invocations=47 (full 0):
 Metaspace       used 101331K, committed 103680K, reserved 1179648K
  class space    used 14959K, committed 16064K, reserved 1048576K
}
Event: 53.416 {metaspace After GC invocations=48 (full 0):
 Metaspace       used 101331K, committed 103680K, reserved 1179648K
  class space    used 14959K, committed 16064K, reserved 1048576K
}
Event: 54.607 {metaspace Before GC invocations=48 (full 0):
 Metaspace       used 102963K, committed 105280K, reserved 1179648K
  class space    used 15311K, committed 16384K, reserved 1048576K
}
Event: 54.616 {metaspace After GC invocations=49 (full 0):
 Metaspace       used 102963K, committed 105280K, reserved 1179648K
  class space    used 15311K, committed 16384K, reserved 1048576K
}
Event: 56.732 {metaspace Before GC invocations=50 (full 0):
 Metaspace       used 102966K, committed 105280K, reserved 1179648K
  class space    used 15311K, committed 16384K, reserved 1048576K
}
Event: 56.740 {metaspace After GC invocations=51 (full 0):
 Metaspace       used 102966K, committed 105280K, reserved 1179648K
  class space    used 15311K, committed 16384K, reserved 1048576K
}
Event: 57.486 {metaspace Before GC invocations=51 (full 0):
 Metaspace       used 103178K, committed 105536K, reserved 1179648K
  class space    used 15347K, committed 16448K, reserved 1048576K
}
Event: 57.496 {metaspace After GC invocations=52 (full 0):
 Metaspace       used 103178K, committed 105536K, reserved 1179648K
  class space    used 15347K, committed 16448K, reserved 1048576K
}
Event: 58.255 {metaspace Before GC invocations=52 (full 0):
 Metaspace       used 103279K, committed 105664K, reserved 1179648K
  class space    used 15357K, committed 16448K, reserved 1048576K
}
Event: 58.264 {metaspace After GC invocations=53 (full 0):
 Metaspace       used 103279K, committed 105664K, reserved 1179648K
  class space    used 15357K, committed 16448K, reserved 1048576K
}
Event: 59.328 {metaspace Before GC invocations=54 (full 0):
 Metaspace       used 103587K, committed 105920K, reserved 1179648K
  class space    used 15421K, committed 16512K, reserved 1048576K
}
Event: 59.355 {metaspace After GC invocations=55 (full 0):
 Metaspace       used 103587K, committed 105920K, reserved 1179648K
  class space    used 15421K, committed 16512K, reserved 1048576K
}
Event: 61.897 {metaspace Before GC invocations=55 (full 0):
 Metaspace       used 113057K, committed 115392K, reserved 1179648K
  class space    used 16525K, committed 17664K, reserved 1048576K
}
Event: 61.911 {metaspace After GC invocations=56 (full 0):
 Metaspace       used 113057K, committed 115392K, reserved 1179648K
  class space    used 16525K, committed 17664K, reserved 1048576K
}

Dll operation events (14 events):
Event: 0.117 Loaded shared library C:\Program Files\Eclipse Adoptium\jdk-25.0.3.9-hotspot\bin\java.dll
Event: 0.307 Loaded shared library C:\Program Files\Eclipse Adoptium\jdk-25.0.3.9-hotspot\bin\zip.dll
Event: 0.316 Loaded shared library C:\Program Files\Eclipse Adoptium\jdk-25.0.3.9-hotspot\bin\instrument.dll
Event: 0.325 Loaded shared library C:\Program Files\Eclipse Adoptium\jdk-25.0.3.9-hotspot\bin\net.dll
Event: 0.329 Loaded shared library C:\Program Files\Eclipse Adoptium\jdk-25.0.3.9-hotspot\bin\nio.dll
Event: 0.334 Loaded shared library C:\Program Files\Eclipse Adoptium\jdk-25.0.3.9-hotspot\bin\zip.dll
Event: 0.805 Loaded shared library C:\Program Files\Eclipse Adoptium\jdk-25.0.3.9-hotspot\bin\jimage.dll
Event: 1.115 Loaded shared library C:\Program Files\Eclipse Adoptium\jdk-25.0.3.9-hotspot\bin\verify.dll
Event: 1.162 Loaded shared library C:\Users\padi kering\.gradle\native\1def1411415f61bf3af743bc5b6707747c0891f09f0c88961ee8f79bc544acac\windows-amd64\native-platform.dll
Event: 1.183 Loaded shared library C:\Users\padi kering\.gradle\native\0.2.8\x86_64-windows-gnu\gradle-fileevents.dll
Event: 3.230 Loaded shared library C:\Program Files\Eclipse Adoptium\jdk-25.0.3.9-hotspot\bin\management.dll
Event: 3.233 Loaded shared library C:\Program Files\Eclipse Adoptium\jdk-25.0.3.9-hotspot\bin\management_ext.dll
Event: 3.451 Loaded shared library C:\Program Files\Eclipse Adoptium\jdk-25.0.3.9-hotspot\bin\extnet.dll
Event: 3.846 Loaded shared library C:\Program Files\Eclipse Adoptium\jdk-25.0.3.9-hotspot\bin\sunmscapi.dll

Deoptimization events (20 events):
Event: 60.613 Thread 0x000002839a30e530 Uncommon trap: trap_request=0xffffff45 fr.pc=0x0000028387f13c14 relative=0x0000000000003814
Event: 60.613 Thread 0x000002839a30e530 Uncommon trap: reason=unstable_if action=reinterpret pc=0x0000028387f13c14 method=java.net.URLStreamHandler.parseURL(Ljava/net/URL;Ljava/lang/String;II)V @ 720 c2
Event: 60.614 Thread 0x000002839a30e530 DEOPT PACKING pc=0x0000028387f13c14 sp=0x0000008e9bbfe8d0
Event: 60.614 Thread 0x000002839a30e530 DEOPT UNPACKING pc=0x00000283875c9102 sp=0x0000008e9bbfe878 mode 2
Event: 60.646 Thread 0x000002839a30e530 Uncommon trap: trap_request=0xffffffde fr.pc=0x0000028387ce3a70 relative=0x00000000000003f0
Event: 60.646 Thread 0x000002839a30e530 Uncommon trap: reason=class_check action=maybe_recompile pc=0x0000028387ce3a70 method=java.lang.ThreadLocal.set(Ljava/lang/Thread;Ljava/lang/Object;)V @ 22 c2
Event: 60.646 Thread 0x000002839a30e530 DEOPT PACKING pc=0x0000028387ce3a70 sp=0x0000008e9bbfe800
Event: 60.646 Thread 0x000002839a30e530 DEOPT UNPACKING pc=0x00000283875c9102 sp=0x0000008e9bbfe748 mode 2
Event: 60.984 Thread 0x000002839a30e530 Uncommon trap: trap_request=0xffffff45 fr.pc=0x0000028387d16668 relative=0x00000000000009e8
Event: 60.984 Thread 0x000002839a30e530 Uncommon trap: reason=unstable_if action=reinterpret pc=0x0000028387d16668 method=sun.nio.fs.WindowsPathParser.parse(Ljava/lang/String;Z)Lsun/nio/fs/WindowsPathParser$Result; @ 302 c2
Event: 60.984 Thread 0x000002839a30e530 DEOPT PACKING pc=0x0000028387d16668 sp=0x0000008e9bbfdf80
Event: 60.984 Thread 0x000002839a30e530 DEOPT UNPACKING pc=0x00000283875c9102 sp=0x0000008e9bbfdf08 mode 2
Event: 60.984 Thread 0x000002839a30e530 Uncommon trap: trap_request=0xffffff45 fr.pc=0x0000028387b022cc relative=0x000000000000004c
Event: 60.984 Thread 0x000002839a30e530 Uncommon trap: reason=unstable_if action=reinterpret pc=0x0000028387b022cc method=sun.nio.fs.WindowsPathParser.isSlash(C)Z @ 9 c2
Event: 60.984 Thread 0x000002839a30e530 DEOPT PACKING pc=0x0000028387b022cc sp=0x0000008e9bbfdf20
Event: 60.984 Thread 0x000002839a30e530 DEOPT UNPACKING pc=0x00000283875c9102 sp=0x0000008e9bbfdea8 mode 2
Event: 62.062 Thread 0x000002839a30e530 Uncommon trap: trap_request=0xffffff45 fr.pc=0x0000028387e65db8 relative=0x0000000000000918
Event: 62.062 Thread 0x000002839a30e530 Uncommon trap: reason=unstable_if action=reinterpret pc=0x0000028387e65db8 method=java.util.HashMap.putMapEntries(Ljava/util/Map;Z)V @ 56 c2
Event: 62.062 Thread 0x000002839a30e530 DEOPT PACKING pc=0x0000028387e65db8 sp=0x0000008e9bbfd9e0
Event: 62.062 Thread 0x000002839a30e530 DEOPT UNPACKING pc=0x00000283875c9102 sp=0x0000008e9bbfd978 mode 2

Classes loaded (20 events):
Event: 62.049 Loading class java/util/concurrent/atomic/AtomicLongFieldUpdater
Event: 62.050 Loading class java/util/concurrent/atomic/AtomicLongFieldUpdater done
Event: 62.050 Loading class java/util/concurrent/atomic/AtomicLongFieldUpdater$CASUpdater
Event: 62.050 Loading class java/util/concurrent/atomic/AtomicLongFieldUpdater$CASUpdater done
Event: 62.433 Loading class java/util/concurrent/atomic/AtomicIntegerFieldUpdater
Event: 62.434 Loading class java/util/concurrent/atomic/AtomicIntegerFieldUpdater done
Event: 62.434 Loading class java/util/concurrent/atomic/AtomicIntegerFieldUpdater$AtomicIntegerFieldUpdaterImpl
Event: 62.435 Loading class java/util/concurrent/atomic/AtomicIntegerFieldUpdater$AtomicIntegerFieldUpdaterImpl done
Event: 62.448 Loading class java/util/concurrent/RejectedExecutionException
Event: 62.449 Loading class java/util/concurrent/RejectedExecutionException done
Event: 62.508 Loading class javax/xml/stream/Location
Event: 62.509 Loading class javax/xml/stream/Location done
Event: 62.511 Loading class javax/xml/stream/XMLStreamConstants
Event: 62.511 Loading class javax/xml/stream/XMLStreamConstants done
Event: 62.518 Loading class javax/xml/stream/XMLStreamReader
Event: 62.518 Loading class javax/xml/stream/XMLStreamReader done
Event: 62.566 Loading class javax/swing/Icon
Event: 62.567 Loading class javax/swing/Icon done
Event: 62.825 Loading class java/nio/file/DirectoryNotEmptyException
Event: 62.825 Loading class java/nio/file/DirectoryNotEmptyException done

Classes unloaded (0 events):
No events

Classes redefined (0 events):
No events

Internal exceptions (20 events):
Event: 60.256 Thread 0x000002839a68c6b0 Exception <a 'java/lang/NoSuchMethodError'{0x0000000089ee4298}: static Ljava/lang/Object;.<clinit>()V> (0x0000000089ee4298) 
thrown [s\src\hotspot\share\prims\jni.cpp, line 1106]
Event: 60.258 Thread 0x000002839a68c6b0 Exception <a 'java/lang/NoSuchMethodError'{0x0000000089d13fd8}: static Lorg/jetbrains/kotlin/incremental/ClasspathChanges$ClasspathSnapshotEnabled$NotAvailableForNonIncrementalRun;.<clinit>()V> (0x0000000089d13fd8) 
thrown [s\src\hotspot\share\prims\jni.cpp, line 1106]
Event: 60.258 Thread 0x000002839a68c6b0 Exception <a 'java/lang/NoSuchMethodError'{0x0000000089d16318}: static Lorg/jetbrains/kotlin/incremental/ClasspathChanges$ClasspathSnapshotEnabled;.<clinit>()V> (0x0000000089d16318) 
thrown [s\src\hotspot\share\prims\jni.cpp, line 1106]
Event: 60.258 Thread 0x000002839a68c6b0 Exception <a 'java/lang/NoSuchMethodError'{0x0000000089d18498}: static Lorg/jetbrains/kotlin/incremental/ClasspathChanges;.<clinit>()V> (0x0000000089d18498) 
thrown [s\src\hotspot\share\prims\jni.cpp, line 1106]
Event: 60.613 Thread 0x000002839a30e530 Implicit null exception at 0x0000028387f108d5 to 0x0000028387f13bac
Event: 61.416 Thread 0x000002839a30e530 Exception <a 'java/lang/NoSuchMethodError'{0x00000000880abf20}: 'java.lang.Object java.lang.invoke.DirectMethodHandle$Holder.invokeStatic(java.lang.Object, int, java.lang.Object, java.lang.Object, java.lang.Object)'> (0x00000000880abf20) 
thrown [s\src\hotspot\share\interpreter\linkResolver.cpp, line 804]
Event: 61.416 Thread 0x000002839a30e530 Exception <a 'java/lang/NoSuchMethodError'{0x00000000880b01b0}: 'java.lang.Object java.lang.invoke.DirectMethodHandle$Holder.invokeStaticInit(java.lang.Object, int, java.lang.Object, java.lang.Object, java.lang.Object)'> (0x00000000880b01b0) 
thrown [s\src\hotspot\share\interpreter\linkResolver.cpp, line 804]
Event: 61.939 Thread 0x000002839a30e530 Exception <a 'sun/nio/fs/WindowsException'{0x00000000fff91dd0}> (0x00000000fff91dd0) 
thrown [s\src\hotspot\share\prims\jni.cpp, line 516]
Event: 62.046 Thread 0x000002839a30e530 Exception <a 'java/lang/NoSuchMethodError'{0x00000000ff6a5d18}: 'long java.lang.invoke.DirectMethodHandle$Holder.invokeStatic(java.lang.Object)'> (0x00000000ff6a5d18) 
thrown [s\src\hotspot\share\interpreter\linkResolver.cpp, line 804]
Event: 62.046 Thread 0x000002839a30e530 Exception <a 'java/lang/NoSuchMethodError'{0x00000000ff6adc78}: 'long java.lang.invoke.DirectMethodHandle$Holder.invokeStaticInit(java.lang.Object)'> (0x00000000ff6adc78) 
thrown [s\src\hotspot\share\interpreter\linkResolver.cpp, line 804]
Event: 62.164 Thread 0x000002839a30e530 Exception <a 'java/lang/NoSuchMethodError'{0x000000008b3b5aa0}: 'void java.lang.invoke.DirectMethodHandle$Holder.invokeStaticInit(java.lang.Object)'> (0x000000008b3b5aa0) 
thrown [s\src\hotspot\share\interpreter\linkResolver.cpp, line 804]
Event: 62.183 Thread 0x000002839a30e530 Exception <a 'java/lang/NoSuchMethodError'{0x000000008b23cb70}: 'void java.lang.invoke.DelegatingMethodHandle$Holder.reinvoke_L(java.lang.Object, java.lang.Object, java.lang.Object, long, java.lang.Object)'> (0x000000008b23cb70) 
thrown [s\src\hotspot\share\interpreter\linkResolver.cpp, line 804]
Event: 62.184 Thread 0x000002839a30e530 Exception <a 'java/lang/NoSuchMethodError'{0x000000008b24d518}: 'java.lang.Object java.lang.invoke.DirectMethodHandle$Holder.invokeSpecial(java.lang.Object, java.lang.Object, java.lang.Object, java.lang.Object, long)'> (0x000000008b24d518) 
thrown [s\src\hotspot\share\interpreter\linkResolver.cpp, line 804]
Event: 62.185 Thread 0x000002839a30e530 Exception <a 'java/lang/NoSuchMethodError'{0x000000008b26e3c0}: 'int java.lang.invoke.DelegatingMethodHandle$Holder.reinvoke_L(java.lang.Object, java.lang.Object, java.lang.Object, long, java.lang.Object, java.lang.Object)'> (0x000000008b26e3c0) 
thrown [s\src\hotspot\share\interpreter\linkResolver.cpp, line 804]
Event: 62.186 Thread 0x000002839a30e530 Exception <a 'java/lang/NoSuchMethodError'{0x000000008b28f410}: 'int java.lang.invoke.DelegatingMethodHandle$Holder.reinvoke_L(java.lang.Object, java.lang.Object, java.lang.Object, long, int, int)'> (0x000000008b28f410) 
thrown [s\src\hotspot\share\interpreter\linkResolver.cpp, line 804]
Event: 62.188 Thread 0x000002839a30e530 Exception <a 'java/lang/NoSuchMethodError'{0x000000008b2afd18}: 'int java.lang.invoke.DelegatingMethodHandle$Holder.reinvoke_L(java.lang.Object, java.lang.Object, java.lang.Object, long, long, long)'> (0x000000008b2afd18) 
thrown [s\src\hotspot\share\interpreter\linkResolver.cpp, line 804]
Event: 62.190 Thread 0x000002839a30e530 Exception <a 'java/lang/NoSuchMethodError'{0x000000008b2d03f0}: 'int java.lang.invoke.DelegatingMethodHandle$Holder.reinvoke_L(java.lang.Object, java.lang.Object, java.lang.Object, long, int)'> (0x000000008b2d03f0) 
thrown [s\src\hotspot\share\interpreter\linkResolver.cpp, line 804]
Event: 62.191 Thread 0x000002839a30e530 Exception <a 'java/lang/NoSuchMethodError'{0x000000008b2e8a60}: 'long java.lang.invoke.DelegatingMethodHandle$Holder.reinvoke_L(java.lang.Object, java.lang.Object, java.lang.Object)'> (0x000000008b2e8a60) 
thrown [s\src\hotspot\share\interpreter\linkResolver.cpp, line 804]
Event: 62.194 Thread 0x000002839a30e530 Exception <a 'java/lang/NoSuchMethodError'{0x000000008b111f28}: 'void java.lang.invoke.DelegatingMethodHandle$Holder.reinvoke_L(java.lang.Object, java.lang.Object, java.lang.Object, long, java.lang.Object, long, long)'> (0x000000008b111f28) 
thrown [s\src\hotspot\share\interpreter\linkResolver.cpp, line 804]
Event: 62.973 Thread 0x000002839a30e530 Exception <a 'java/lang/NoSuchMethodError'{0x0000000089bd6ef8}: 'java.lang.Object java.lang.invoke.DirectMethodHandle$Holder.invokeStatic(java.lang.Object, java.lang.Object, long, long)'> (0x0000000089bd6ef8) 
thrown [s\src\hotspot\share\interpreter\linkResolver.cpp, line 804]

VM Operations (20 events):
Event: 59.326 Executing safepoint VM operation: G1CollectForAllocation (G1 Evacuation Pause)
Event: 59.355 Executing safepoint VM operation: G1CollectForAllocation (G1 Evacuation Pause) done
Event: 59.461 Executing non-safepoint VM operation: HandshakeAllThreads (Deoptimize)
Event: 59.462 Executing non-safepoint VM operation: HandshakeAllThreads (Deoptimize) done
Event: 59.469 Executing non-safepoint VM operation: HandshakeAllThreads (Deoptimize)
Event: 59.469 Executing non-safepoint VM operation: HandshakeAllThreads (Deoptimize) done
Event: 60.274 Executing non-safepoint VM operation: HandshakeAllThreads (HandshakeForDeflation)
Event: 60.275 Executing non-safepoint VM operation: HandshakeAllThreads (HandshakeForDeflation) done
Event: 60.275 Executing non-safepoint VM operation: RendezvousGCThreads
Event: 60.275 Executing non-safepoint VM operation: RendezvousGCThreads done
Event: 61.820 Executing non-safepoint VM operation: HandshakeAllThreads (Deoptimize)
Event: 61.821 Executing non-safepoint VM operation: HandshakeAllThreads (Deoptimize) done
Event: 61.897 Executing safepoint VM operation: G1CollectForAllocation (G1 Evacuation Pause)
Event: 61.911 Executing safepoint VM operation: G1CollectForAllocation (G1 Evacuation Pause) done
Event: 62.061 Executing non-safepoint VM operation: HandshakeAllThreads (Deoptimize)
Event: 62.061 Executing non-safepoint VM operation: HandshakeAllThreads (Deoptimize) done
Event: 62.296 Executing non-safepoint VM operation: HandshakeAllThreads (Deoptimize)
Event: 62.296 Executing non-safepoint VM operation: HandshakeAllThreads (Deoptimize) done
Event: 62.300 Executing non-safepoint VM operation: HandshakeAllThreads (Deoptimize)
Event: 62.300 Executing non-safepoint VM operation: HandshakeAllThreads (Deoptimize) done

Memory protections (0 events):
No events

Nmethod flushes (20 events):
Event: 58.444 Thread 0x00000283ff52b1f0 flushing  nmethod 0x00000283808ebb88
Event: 58.444 Thread 0x00000283ff52b1f0 flushing  nmethod 0x00000283808ebe88
Event: 58.444 Thread 0x00000283ff52b1f0 flushing  nmethod 0x000002838091f708
Event: 58.444 Thread 0x00000283ff52b1f0 flushing  nmethod 0x0000028380920c88
Event: 58.444 Thread 0x00000283ff52b1f0 flushing  nmethod 0x000002838094b108
Event: 58.444 Thread 0x00000283ff52b1f0 flushing  nmethod 0x0000028380951288
Event: 58.444 Thread 0x00000283ff52b1f0 flushing  nmethod 0x000002838096ce88
Event: 58.444 Thread 0x00000283ff52b1f0 flushing  nmethod 0x00000283809c4908
Event: 58.444 Thread 0x00000283ff52b1f0 flushing  nmethod 0x0000028380a29008
Event: 58.444 Thread 0x00000283ff52b1f0 flushing  nmethod 0x0000028380a2a688
Event: 58.444 Thread 0x00000283ff52b1f0 flushing  nmethod 0x0000028380b33c08
Event: 58.444 Thread 0x00000283ff52b1f0 flushing  nmethod 0x0000028380b7a108
Event: 58.444 Thread 0x00000283ff52b1f0 flushing  nmethod 0x0000028380e6df08
Event: 58.444 Thread 0x00000283ff52b1f0 flushing  nmethod 0x0000028380f4b408
Event: 58.444 Thread 0x00000283ff52b1f0 flushing  nmethod 0x000002838103fc88
Event: 58.444 Thread 0x00000283ff52b1f0 flushing osr nmethod 0x0000028381078388
Event: 58.444 Thread 0x00000283ff52b1f0 flushing  nmethod 0x00000283810db488
Event: 58.444 Thread 0x00000283ff52b1f0 flushing  nmethod 0x00000283810db888
Event: 58.444 Thread 0x00000283ff52b1f0 flushing  nmethod 0x00000283810dbc88
Event: 58.444 Thread 0x00000283ff52b1f0 flushing  nmethod 0x0000028381185008

Events (20 events):
Event: 53.707 Thread 0x000002839a68de20 Thread added: 0x000002839a68fd60
Event: 53.973 Thread 0x000002839a68edc0 Thread added: 0x000002839a690530
Event: 53.975 Thread 0x000002839a68edc0 Thread added: 0x000002839a6914d0
Event: 53.976 Thread 0x000002839a68edc0 Thread added: 0x000002839a689fa0
Event: 54.077 Thread 0x000002839a68bee0 Thread added: 0x000002839a692470
Event: 54.077 Thread 0x000002839a68bee0 Thread added: 0x000002839a692c40
Event: 54.078 Thread 0x000002839a68bee0 Thread added: 0x000002839a693410
Event: 54.121 Thread 0x000002839a68c6b0 Thread added: 0x000002839a694b80
Event: 54.122 Thread 0x000002839a68c6b0 Thread added: 0x000002839a6962f0
Event: 54.123 Thread 0x000002839a68c6b0 Thread added: 0x000002839a696ac0
Event: 54.216 Thread 0x000002839a68de20 Thread added: 0x000002839a309ee0
Event: 54.216 Thread 0x000002839a68de20 Thread added: 0x000002839a306060
Event: 54.217 Thread 0x000002839a68de20 Thread added: 0x000002839a30c5f0
Event: 56.752 Thread 0x000002839a68c6b0 Thread added: 0x000002839a3077d0
Event: 56.753 Thread 0x000002839a68c6b0 Thread added: 0x000002839a30a6b0
Event: 56.754 Thread 0x000002839a68c6b0 Thread added: 0x000002839a307fa0
Event: 56.815 Thread 0x000002839a68edc0 Thread added: 0x000002839a30d590
Event: 56.840 Thread 0x000002839a68bee0 Thread added: 0x000002839a308f40
Event: 60.274 Thread 0x000002839a68c6b0 Thread added: 0x000002839a311be0
Event: 60.315 Thread 0x000002839a311be0 Thread added: 0x000002839a30e530


Dynamic libraries:
0x00007ff794a80000 - 0x00007ff794a8e000 	C:\Program Files\Eclipse Adoptium\jdk-25.0.3.9-hotspot\bin\java.exe
0x00007fff15bb0000 - 0x00007fff15da8000 	C:\Windows\SYSTEM32\ntdll.dll
0x00007fff13be0000 - 0x00007fff13ca2000 	C:\Windows\System32\KERNEL32.DLL
0x00007fff13640000 - 0x00007fff13936000 	C:\Windows\System32\KERNELBASE.dll
0x00007fff13280000 - 0x00007fff13380000 	C:\Windows\System32\ucrtbase.dll
0x00007fff07330000 - 0x00007fff07346000 	C:\Program Files\Eclipse Adoptium\jdk-25.0.3.9-hotspot\bin\jli.dll
0x00007fff067c0000 - 0x00007fff067de000 	C:\Program Files\Eclipse Adoptium\jdk-25.0.3.9-hotspot\bin\VCRUNTIME140.dll
0x00007fff13d20000 - 0x00007fff13ebd000 	C:\Windows\System32\USER32.dll
0x00007fff13250000 - 0x00007fff13272000 	C:\Windows\System32\win32u.dll
0x00007fff02b50000 - 0x00007fff02deb000 	C:\Windows\WinSxS\amd64_microsoft.windows.common-controls_6595b64144ccf1df_6.0.19041.6280_none_60bc30a171f2f3f3\COMCTL32.dll
0x00007fff15b40000 - 0x00007fff15b6b000 	C:\Windows\System32\GDI32.dll
0x00007fff13470000 - 0x00007fff13589000 	C:\Windows\System32\gdi32full.dll
0x00007fff141a0000 - 0x00007fff1423e000 	C:\Windows\System32\msvcrt.dll
0x00007fff133d0000 - 0x00007fff1346d000 	C:\Windows\System32\msvcp_win.dll
0x00007fff13f40000 - 0x00007fff13f6f000 	C:\Windows\System32\IMM32.DLL
0x00007fff0c0e0000 - 0x00007fff0c0ec000 	C:\Program Files\Eclipse Adoptium\jdk-25.0.3.9-hotspot\bin\vcruntime140_1.dll
0x00007ffefa420000 - 0x00007ffefa4ad000 	C:\Program Files\Eclipse Adoptium\jdk-25.0.3.9-hotspot\bin\msvcp140.dll
0x00007ffe70b30000 - 0x00007ffe71a5a000 	C:\Program Files\Eclipse Adoptium\jdk-25.0.3.9-hotspot\bin\server\jvm.dll
0x00007fff147a0000 - 0x00007fff14851000 	C:\Windows\System32\ADVAPI32.dll
0x00007fff13f70000 - 0x00007fff1400f000 	C:\Windows\System32\sechost.dll
0x00007fff14ce0000 - 0x00007fff14e00000 	C:\Windows\System32\RPCRT4.dll
0x00007fff13b20000 - 0x00007fff13b47000 	C:\Windows\System32\bcrypt.dll
0x00007fff13cb0000 - 0x00007fff13d1b000 	C:\Windows\System32\WS2_32.dll
0x00007fff130b0000 - 0x00007fff130fb000 	C:\Windows\SYSTEM32\POWRPROF.dll
0x00007fff08f10000 - 0x00007fff08f37000 	C:\Windows\SYSTEM32\WINMM.dll
0x00007fff0aba0000 - 0x00007fff0abaa000 	C:\Windows\SYSTEM32\VERSION.dll
0x00007fff13090000 - 0x00007fff130a2000 	C:\Windows\SYSTEM32\UMPDC.dll
0x00007fff11a70000 - 0x00007fff11a82000 	C:\Windows\SYSTEM32\kernel.appcore.dll
0x00007fff07d90000 - 0x00007fff07d9a000 	C:\Program Files\Eclipse Adoptium\jdk-25.0.3.9-hotspot\bin\jimage.dll
0x00007fff11840000 - 0x00007fff11a41000 	C:\Windows\SYSTEM32\DBGHELP.DLL
0x00007ffeffcd0000 - 0x00007ffeffd04000 	C:\Windows\SYSTEM32\dbgcore.DLL
0x00007fff13b50000 - 0x00007fff13bd2000 	C:\Windows\System32\bcryptPrimitives.dll
0x00007fff07f00000 - 0x00007fff07f0f000 	C:\Program Files\Eclipse Adoptium\jdk-25.0.3.9-hotspot\bin\instrument.dll
0x00007fff067a0000 - 0x00007fff067be000 	C:\Program Files\Eclipse Adoptium\jdk-25.0.3.9-hotspot\bin\java.dll
0x00007fff14e70000 - 0x00007fff14f9b000 	C:\Windows\System32\ole32.dll
0x00007fff14360000 - 0x00007fff146b3000 	C:\Windows\System32\combase.dll
0x00007fff14fa0000 - 0x00007fff15710000 	C:\Windows\System32\SHELL32.dll
0x00007fff10fc0000 - 0x00007fff11765000 	C:\Windows\SYSTEM32\windows.storage.dll
0x00007fff12bb0000 - 0x00007fff12bdb000 	C:\Windows\SYSTEM32\Wldp.dll
0x00007fff15710000 - 0x00007fff157dd000 	C:\Windows\System32\OLEAUT32.dll
0x00007fff140f0000 - 0x00007fff1419d000 	C:\Windows\System32\SHCORE.dll
0x00007fff159a0000 - 0x00007fff159fb000 	C:\Windows\System32\shlwapi.dll
0x00007fff13180000 - 0x00007fff131a4000 	C:\Windows\SYSTEM32\profapi.dll
0x00007ffefa390000 - 0x00007ffefa3a6000 	C:\Program Files\Eclipse Adoptium\jdk-25.0.3.9-hotspot\bin\zip.dll
0x00007fff06780000 - 0x00007fff06791000 	C:\Program Files\Eclipse Adoptium\jdk-25.0.3.9-hotspot\bin\net.dll
0x00007fff12910000 - 0x00007fff1297a000 	C:\Windows\system32\mswsock.dll
0x00007ffefa400000 - 0x00007ffefa416000 	C:\Program Files\Eclipse Adoptium\jdk-25.0.3.9-hotspot\bin\nio.dll
0x00007fff07320000 - 0x00007fff07330000 	C:\Program Files\Eclipse Adoptium\jdk-25.0.3.9-hotspot\bin\verify.dll
0x00007fff078f0000 - 0x00007fff07917000 	C:\Users\padi kering\.gradle\native\1def1411415f61bf3af743bc5b6707747c0891f09f0c88961ee8f79bc544acac\windows-amd64\native-platform.dll
0x00007ffefddf0000 - 0x00007ffefde67000 	C:\Users\padi kering\.gradle\native\0.2.8\x86_64-windows-gnu\gradle-fileevents.dll
0x00007fff078e0000 - 0x00007fff078ea000 	C:\Program Files\Eclipse Adoptium\jdk-25.0.3.9-hotspot\bin\management.dll
0x00007fff078d0000 - 0x00007fff078dc000 	C:\Program Files\Eclipse Adoptium\jdk-25.0.3.9-hotspot\bin\management_ext.dll
0x00007fff14e60000 - 0x00007fff14e68000 	C:\Windows\System32\PSAPI.DLL
0x00007fff125f0000 - 0x00007fff1262b000 	C:\Windows\SYSTEM32\IPHLPAPI.DLL
0x00007fff157e0000 - 0x00007fff157e8000 	C:\Windows\System32\NSI.dll
0x00007fff074d0000 - 0x00007fff074d9000 	C:\Program Files\Eclipse Adoptium\jdk-25.0.3.9-hotspot\bin\extnet.dll
0x00007fff12b00000 - 0x00007fff12b18000 	C:\Windows\SYSTEM32\CRYPTSP.dll
0x00007fff12230000 - 0x00007fff12268000 	C:\Windows\system32\rsaenh.dll
0x00007fff13140000 - 0x00007fff1316e000 	C:\Windows\SYSTEM32\USERENV.dll
0x00007fff12b20000 - 0x00007fff12b2c000 	C:\Windows\SYSTEM32\CRYPTBASE.dll
0x00007fff018a0000 - 0x00007fff018ae000 	C:\Program Files\Eclipse Adoptium\jdk-25.0.3.9-hotspot\bin\sunmscapi.dll
0x00007fff13940000 - 0x00007fff13a9d000 	C:\Windows\System32\CRYPT32.dll
0x00007fff12c20000 - 0x00007fff12c47000 	C:\Windows\SYSTEM32\ncrypt.dll
0x00007fff12be0000 - 0x00007fff12c1b000 	C:\Windows\SYSTEM32\NTASN1.dll
0x00007fff007e0000 - 0x00007fff007e7000 	C:\Windows\system32\wshunix.dll

JVMTI agents:
C:\Users\padi kering\.gradle\wrapper\dists\gradle-9.0-bin\3czi7dcr1pf879blyy9qczdy7\gradle-9.0.0\lib\agents\gradle-instrumentation-agent-9.0.0.jar path:C:\Program Files\Eclipse Adoptium\jdk-25.0.3.9-hotspot\bin\instrument.dll, loaded, initialized, instrumentlib options:none

dbghelp: loaded successfully - version: 4.0.5 - missing functions: none
symbol engine: initialized successfully - sym options: 0x614 - pdb path: .;C:\Program Files\Eclipse Adoptium\jdk-25.0.3.9-hotspot\bin;C:\Windows\SYSTEM32;C:\Windows\WinSxS\amd64_microsoft.windows.common-controls_6595b64144ccf1df_6.0.19041.6280_none_60bc30a171f2f3f3;C:\Program Files\Eclipse Adoptium\jdk-25.0.3.9-hotspot\bin\server;C:\Users\padi kering\.gradle\native\1def1411415f61bf3af743bc5b6707747c0891f09f0c88961ee8f79bc544acac\windows-amd64;C:\Users\padi kering\.gradle\native\0.2.8\x86_64-windows-gnu

VM Arguments:
jvm_args: --add-opens=java.base/java.lang=ALL-UNNAMED --add-opens=java.base/java.lang.invoke=ALL-UNNAMED --add-opens=java.base/java.util=ALL-UNNAMED --add-opens=java.prefs/java.util.prefs=ALL-UNNAMED --add-exports=jdk.compiler/com.sun.tools.javac.api=ALL-UNNAMED --add-exports=jdk.compiler/com.sun.tools.javac.util=ALL-UNNAMED --add-opens=java.base/java.util=ALL-UNNAMED --add-opens=java.prefs/java.util.prefs=ALL-UNNAMED --add-opens=java.base/java.nio.charset=ALL-UNNAMED --add-opens=java.base/java.net=ALL-UNNAMED --add-opens=java.base/java.util.concurrent=ALL-UNNAMED --add-opens=java.base/java.util.concurrent.atomic=ALL-UNNAMED --add-opens=java.xml/javax.xml.namespace=ALL-UNNAMED --enable-native-access=ALL-UNNAMED -Xmx2g -Dfile.encoding=UTF-8 -Duser.country=US -Duser.language=en -Duser.variant -javaagent:C:\Users\padi kering\.gradle\wrapper\dists\gradle-9.0-bin\3czi7dcr1pf879blyy9qczdy7\gradle-9.0.0\lib\agents\gradle-instrumentation-agent-9.0.0.jar 
java_command: org.gradle.launcher.daemon.bootstrap.GradleDaemon 9.0.0
java_class_path (initial): C:\Users\padi kering\.gradle\wrapper\dists\gradle-9.0-bin\3czi7dcr1pf879blyy9qczdy7\gradle-9.0.0\lib\gradle-daemon-main-9.0.0.jar
Launcher Type: SUN_STANDARD

[Global flags]
     intx CICompilerCount                          = 4                                         {product} {ergonomic}
     uint ConcGCThreads                            = 2                                         {product} {ergonomic}
     uint G1ConcRefinementThreads                  = 8                                         {product} {ergonomic}
   size_t G1HeapRegionSize                         = 1048576                                   {product} {ergonomic}
   size_t InitialHeapSize                          = 100663296                                 {product} {ergonomic}
   size_t MarkStackSize                            = 4194304                                   {product} {ergonomic}
   size_t MarkStackSizeMax                         = 536870912                                 {product} {ergonomic}
   size_t MaxHeapSize                              = 2147483648                                {product} {command line}
   size_t MaxNewSize                               = 1287651328                                {product} {ergonomic}
   size_t MinHeapDeltaBytes                        = 1048576                                   {product} {ergonomic}
   size_t MinHeapSize                              = 8388608                                   {product} {ergonomic}
    uintx NonNMethodCodeHeapSize                   = 5898240                                {pd product} {ergonomic}
    uintx NonProfiledCodeHeapSize                  = 122945536                              {pd product} {ergonomic}
    uintx ProfiledCodeHeapSize                     = 122945536                              {pd product} {ergonomic}
    uintx ReservedCodeCacheSize                    = 251789312                              {pd product} {ergonomic}
     bool SegmentedCodeCache                       = true                                      {product} {ergonomic}
   size_t SoftMaxHeapSize                          = 2147483648                             {manageable} {ergonomic}
     bool UseCompressedOops                        = true                           {product lp64_product} {ergonomic}
     bool UseG1GC                                  = true                                      {product} {ergonomic}
     bool UseLargePagesIndividualAllocation        = false                                  {pd product} {ergonomic}

Logging:
Log output configuration:
 #0: stdout all=warning uptime,level,tags foldmultilines=false
 #1: stderr all=off uptime,level,tags foldmultilines=false

Release file:
IMPLEMENTOR="Eclipse Adoptium" 
IMPLEMENTOR_VERSION="Temurin-25.0.3+9" 
JAVA_RUNTIME_VERSION="25.0.3+9-LTS" 
JAVA_VERSION="25.0.3" 
JAVA_VERSION_DATE="2026-04-21" 
LIBC="default" 
MODULES="java.base java.compiler java.datatransfer java.xml java.prefs java.desktop java.instrument java.logging java.management java.security.sasl java.naming java.rmi java.management.rmi java.net.http java.scripting java.security.jgss java.transaction.xa java.sql java.sql.rowset java.xml.crypto java.se java.smartcardio jdk.accessibility jdk.internal.jvmstat jdk.attach jdk.charsets jdk.internal.opt jdk.zipfs jdk.compiler jdk.crypto.cryptoki jdk.crypto.ec jdk.crypto.mscapi jdk.dynalink jdk.internal.ed jdk.editpad jdk.internal.vm.ci jdk.graal.compiler jdk.graal.compiler.management jdk.hotspot.agent jdk.httpserver jdk.incubator.vector jdk.internal.le jdk.internal.md jdk.jartool jdk.javadoc jdk.jcmd jdk.management jdk.management.agent jdk.jconsole jdk.jdeps jdk.jdwp.agent jdk.jdi jdk.jfr jdk.jlink jdk.jpackage jdk.jshell jdk.jsobject jdk.jstatd jdk.localedata jdk.management.jfr jdk.naming.dns jdk.naming.rmi jdk.net jdk.nio.mapmode jdk.sctp jdk.security.auth jdk.security.jgss jdk.unsupported jdk.unsupported.desktop jdk.xml.dom" 
OS_ARCH="x86_64" 
OS_NAME="Windows" 
SOURCE=".:git:cda0a1776184" 
BUILD_SOURCE="git:a612825ee82a20ac872d60958c349854c1f29a8e"
BUILD_SOURCE_REPO="https://github.com/adoptium/temurin-build.git"
SOURCE_REPO="https://github.com/adoptium/jdk25u.git"
FULL_VERSION="25.0.3+9-LTS"
SEMANTIC_VERSION="25.0.3+9"
BUILD_INFO="OS: Windows Server 2022 Version: 10.0"
JVM_VARIANT="Hotspot"
JVM_VERSION="25.0.3+9-LTS"
IMAGE_TYPE="JDK"

Environment Variables:
PATH=C:\Users\padi kering\bin;C:\Program Files\Git\mingw64\bin;C:\Program Files\Git\usr\local\bin;C:\Program Files\Git\usr\bin;C:\Program Files\Git\usr\bin;C:\Program Files\Git\mingw64\bin;C:\Program Files\Git\usr\bin;C:\Users\padi kering\bin;C:\Program Files\Eclipse Adoptium\jdk-25.0.3.9-hotspot\bin;C:\Windows\system32;C:\Windows;C:\Windows\System32\Wbem;C:\Windows\System32\WindowsPowerShell\v1.0;C:\Windows\System32\OpenSSH;C:\Program Files\Git\cmd;C:\Program Files\nodejs;C:\Program Files\GitHub CLI;C:\php\php-8.3.30-nts-Win32-vs16-x64;C:\ProgramData\ComposerSetup\bin;C:\Users\padi kering\AppData\Local\Android\Sdk\platform-tools;C:\Windows\system32;C:\Windows;C:\Windows\System32\Wbem;C:\Windows\System32\WindowsPowerShell\v1.0;C:\Windows\System32\OpenSSH;C:\Program Files\Git\cmd;C:\Users\padi kering\AppData\Local\Microsoft\WindowsApps;C:\Program Files (x86)\Steam\ext\bin;C:\Users\padi kering\AppData\Roaming\npm;C:\Users\padi kering\AppData\Local\Programs\Antigravity IDE\bin;C:\Users\padi kering\AppData\Roaming\Composer\vendor\bin;C:\Users\padi kering\AppData\Local\Android\Sdk\platform-tools;C:\Program Files\Git\usr\bin\vendor_perl;C:\Program Files\Git\usr\bin\core_perl
USERNAME=padi kering
SHELL=C:\Program Files\Git\usr\bin\bash.exe
DISPLAY=needs-to-be-defined
LANG=en_US.UTF-8
TERM=xterm-256color
TMPDIR=C:\Users\PADIKE~1\AppData\Local\Temp
OS=Windows_NT
PROCESSOR_IDENTIFIER=AMD64 Family 23 Model 24 Stepping 1, AuthenticAMD
TMP=C:\Users\PADIKE~1\AppData\Local\Temp
TEMP=C:\Users\PADIKE~1\AppData\Local\Temp




Compilation memory statistics disabled.

Periodic native trim disabled

---------------  S Y S T E M  ---------------

OS:
 Windows 10 , 64 bit Build 19041 (10.0.19041.5915)
OS uptime: 12 days 10:29 hours

CPU: total 8 (initial active 8) (8 cores per cpu, 2 threads per core) family 23 model 24 stepping 1 microcode 0x0, cx8, cmov, fxsr, ht, mmx, 3dnowpref, sse, sse2, sse3, ssse3, sse4a, sse4.1, sse4.2, popcnt, lzcnt, tsc, tscinvbit, avx, avx2, aes, clmul, bmi1, bmi2, adx, sha, fma, vzeroupper, clflush, clflushopt, rdtscp, f16c
Processor Information for the first 8 processors :
  Max Mhz: 2100, Current Mhz: 2100, Mhz Limit: 2100

Memory: 4k page, system-wide physical 6062M (491M free)
TotalPageFile size 18789M (AvailPageFile size 318M)
current process WorkingSet (physical memory assigned to process): 353M, peak: 353M
current process commit charge ("private bytes"): 521M, peak: 522M

vm_info: OpenJDK 64-Bit Server VM (25.0.3+9-LTS) for windows-amd64 JRE (25.0.3+9-LTS), built on 2026-04-21T00:00:00Z with MS VC++ 17.12 (VS2022)

END.
